product_id,title,product_description,rating,quantity,initial_price,discount,final_price,category,total_amount
8376765,Lino Perros,Women Navy Blue Solid Backpack,3.8,15,3995,58.0,3995,backpacks,59925
9136281,Tommy Hilfiger,Unisex Navy Blue Striped Backpack,4.5,67,2899,35.0,2899,backpacks,194233
17633752,Lavie,Aries Women Pink Mini Backpack,4.4,226,2999,65.0,2999,backpacks,677774
1376949,F Gear,Unisex Navy & Grey Printed Burner Backpack,4.4,1052,1675,52.0,1675,backpacks,1762100
13939916,MYTRIDENT,Men Blue Solid Bath Robe,4.7,12,2899,17.0,2899,bath-robe,34788
17198778,H&M,Beige & Tan Solid Stoneware Soap Dispenser,4.5,42,1399,,1399,bathroom-accessories,58758
19851824,AVI Living,Grey Solid 500 GSM Pure Cotton Bath Towel,4.0,5,1399,65.0,1399,bath-towels,6995
18602872,My Room,Yellow & Green Floral 140 TC King Bedsheet with 2 Pillow Covers,4.7,10,2999,54.0,2999,bedsheets,29990
18602850,My Room,Ethnic Print 144 TC Super King Bedsheet with 2 Pillow Covers,4.5,22,2999,54.0,2999,bedsheets,65978
8961147,Story@home,Pink & White Floral 160 TC Cotton 1 King Bedsheet with 2 Pillow Covers,3.7,7,2199,53.0,2199,bedsheets,15393
8430275,MYTRIDENT,Sea Green Floral Flat 120 TC Cotton 1 Queen Bedsheet with 2 Pillow Covers,4.4,26,2199,46.0,2199,bedsheets,57174
18346118,Arrabi,Pink & White Graphic 300 TC King Bedsheet with 2 Pillow Covers,0.0,0,3329,74.0,865,bedsheets,0
18327434,BELLA CASA,Unisex Blue Bedsheets,0.0,0,1499,73.0,404,bedsheets,0
18492504,ROMEE,Blue & Beige Conversational 160 TC King Bedsheet with 2 Pillow Covers,3.9,10,3499,65.0,3499,bedsheets,34990
13729978,DDecor,White & Brown Floral 350 TC Cotton 1 King Bedsheet with 2 Pillow Covers,3.6,15,1599,20.0,1599,bedsheets,23985
19788630,Home Ecstasy,140tc Pure Cotton printed Teal Blue Single Bedsheet with 1 Pillow Cover,4.5,6,1199,42.0,1199,bedsheets,7194
20296382,DREAM WEAVERZ,Grey & Coral Printed 220 TC Glazed Cotton King Bedsheet with 2 Pillow Covers,3.8,18,2599,78.0,2599,bedsheets,46782
18346134,Arrabi,Pink & Grey Striped 300 TC King Cotton Bedsheet With 2 Pillow Covers,4.3,12,6329,76.0,6329,bedsheets,75948
22409156,Kastner,Women Textured Tang Slim Belt,3.8,9,1399,84.0,223,belts,2007
18985918,Tommy Hilfiger,Women Navy Blue Embroidered High-Neck Pure Cotton Bodysuit,4.1,11,2999,40.0,1799,bodysuit,19789
22120138,Ed-a-Mamma Baby,Infant Boys Pack Of 2 Printed Pure Cotton Bodysuit,4.2,5,999,30.0,699,bodysuit,3495
1728397,Mactree,Men Brown Solid Mid-Top Flat Boots,3.9,1727,9060,88.0,1087,boots,1877249
21427828,London Rag,Women Stiletto Heeled High-Top Boots,5.0,4,9599,60.0,3839,boots,15356
17372928,The Souled Store,Men Blue & White Abstract Printed Boxers,4.5,22,799,54.0,367,boxers,8074
15115018,Jockey,Non-Wired Non-Padded Combed Cotton Workout Bra 1376-0105,4.4,1582,579,,579,bra,915978
22063882,GROVERSONS Paris Beauty,Non Padded Cotton Seamless Non-Wired T-shirt Bra,4.0,25,399,25.0,299,bra,7475
19219450,Susie,Black Solid Cotton T-Shirt Bra - Anti-Odour,4.3,12,749,50.0,374,bra,4488
22196924,Zivame,Underwired Lightly Padded Pushup Bra,4.3,118,999,50.0,499,bra,58882
19219468,Susie,Women  Black Solid Everyday Cotton Bra,4.0,6,699,43.0,398,bra,2388
22278620,Tweens,Pack Of 2 Non Padded Medium Support All Day Comfort Slip-On Seamless Bra,0.0,0,720,16.0,604,bra,0
19277544,Marks & Spencer,BOUTIQUE X DAMARIS Navy Blue Underwired Lightly Padded Balconette Bra,4.3,24,2999,60.0,2249,bra,53976
18223842,max,Plus Size Non Padded Bra,4.1,37,449,20.0,449,bra,16613
18656766,VStar,Beige Solid T-Shirt Bra,4.6,5,345,,345,bra,1725
18656764,VStar,Grey Solid T-Shirt Bra,4.3,6,345,,345,bra,2070
13523458,shyaway,Multicoloured Set of 3 Printed Underwired Lightly Padded Everyday Bra shya-com-217,4.3,6,2547,52.0,2547,bra,15282
18652628,max,Sea Green & Blue Floral Bra Lightly Padded SU22PDNW08MIST,4.2,5,649,20.0,649,bra,3245
17774350,Zivame,Pink Lightly Padded T-shirt Bra,4.2,9,995,50.0,995,bra,8955
16704504,ZINU,Women Silver-Toned Brass Cubic Zirconia Rhodium-Plated Charm Bracelet,4.1,7,699,45.0,384,bracelet,2688
21873792,KARATCART,Cubic Zirconia Silver-Plated Wraparound Bracelet,4.6,5,3397,76.0,815,bracelet,4075
21573578,Jewels Galaxy,Women Brass Gold-Plated Bangle-Style Bracelet,4.2,24,1329,77.0,305,bracelet,7320
18100576,MINUTIAE,Women Gold-Toned & White Brass Crystals Handcrafted Gold-Plated Bangle-Style Bracelet,3.2,13,1499,70.0,1499,bracelet,19487
18532334,Pepe Jeans,Men Green Printed Cotton Basic Briefs,0.0,0,459,20.0,298,briefs,0
16696094,Van Heusen,Men Swift Dry High Stretch Mesh AIR Series Active Briefs 8905325842743,4.6,192,649,,649,briefs,124608
21867416,DressBerry,Women Boy Shorts Brief,4.1,14,299,28.0,215,briefs,3010
21850852,Soie,Women High Waist Full Coverage Lace Brief,4.9,14,390,5.0,370,briefs,5180
21860658,EROTISSCH,Women Printed Laced Basic Briefs,0.0,0,899,40.0,539,briefs,0
21569986,Chromozome,Men Pack of 4 Premium Pure Cotton Mini Briefs 8902733625630-MULTI 9,4.2,18,1199,40.0,395,briefs,7110
19206416,ABELINO,Women Set of 3 Assorted Cotton Boy Shorts Briefs PANTY3PCPLAINBOYSHORTS01,3.6,14,1899,80.0,379,briefs,5306
22196594,Zoiro,Men Pack Of 2 Anti-Bacterial Basic Briefs,5.0,6,499,,499,briefs,2994
22196914,Zivame,Women Pack Of 3 Low-Rise Ultra Soft Bikini Briefs,4.6,5,799,50.0,399,briefs,1995
21906602,bummer,Women Printed Micro Modal Mid Rise Boy Shorts,4.6,23,599,25.0,449,briefs,10327
13889998,XYXX,Men Grey Solid Ultra-Soft Antimicrobial Basic Briefs XYBRF56,4.1,202,249,,249,briefs,50298
22436508,Bruchi CLUB,Men Low-Rise Anti-Bacterial Basic Briefs,5.0,4,888,65.0,310,briefs,1240
21877640,DressBerry,Shoulder Straps Pure Cotton Camisole,3.7,14,299,23.0,230,camisoles,3220
18882294,VStar,Women White Solid Modern Fit Deep Neckline  Camisoles,4.8,10,265,,265,camisoles,2650
21882284,H&M,Grey Tealight Holder,0.0,0,1299,45.0,714,candle-holders,0
13669894,Vastraa Fusion,Unisex Maroon Solid Woollen Afghani Pakol Cap,3.5,13,1699,70.0,1699,caps,22087
16281444,Bharatasya,Women White & Black Woolen Earwarmer Headband,4.3,7,699,68.0,223,caps,1561
20129438,Skechers,Men Blue Textured Sneakers,3.8,11,12999,30.0,7799,casual-shoes,85789
18506050,Bata,Women Black Woven Design Slip-On Sneakers,4.4,86,1199,55.0,539,casual-shoes,46354
21739362,Prolific,Men Printed LightWeight Mid Top Sneakers,3.9,8,2660,71.0,771,casual-shoes,6168
21903832,U.S. Polo Assn.,Women Perforated Sneakers,4.1,16,4299,25.0,3224,casual-shoes,51584
21651940,HIGHLANDER,Men Black Woven Design Sneakers,3.4,25,1898,55.0,569,casual-shoes,14225
21321784,San Frissco,Men  Colourblocked Sneakers,4.3,6,5995,72.0,1678,casual-shoes,10068
21482828,Eego Italy,Men Slip On Loafers Shoes,0.0,0,2999,70.0,899,casual-shoes,0
21907914,MOZAFIA,Men Canvas Mid-Top Lace-Up Sneakers,4.0,225,1999,60.0,799,casual-shoes,179775
21497770,Puma,Men Sneakers,4.1,111,4999,55.0,2249,casual-shoes,249639
21169272,HRX by Hrithik Roshan,Men Skate Street Sneaker,3.9,107,3299,50.0,1649,casual-shoes,176443
13643492,WROGN,Men Brown Leather Loafers,3.7,58,3599,55.0,3599,casual-shoes,208742
13638220,FAUSTO,Men Brown Textured Loafers,3.2,6,999,1.0,999,casual-shoes,5994
13638232,FAUSTO,Men Tan Brown Solid Velvet Loafers,2.5,4,1299,1.0,1299,casual-shoes,5196
18489168,TOMS,Women Red Solid Alpargata Canvas Slip-On Sneakers,4.3,6,4999,,4999,casual-shoes,29994
18997532,Fame Forever by Lifestyle,Kids-Boys Blue Woven Design Velcro Oxfords,0.0,0,999,40.0,599,casual-shoes,0
18091436,HIGHLANDER,PRINTED CANVAS SNEAKERS,3.9,51,2198,50.0,659,casual-shoes,33609
17312062,Clarks,Men Blue Nubuck Penny Loafers,4.6,31,6999,50.0,6999,casual-shoes,216969
17314086,EVERLY,Women Beige Textured Wedge Mules,3.7,79,1499,40.0,899,casual-shoes,71021
17312144,Clarks,Men Black Perforations Nubuck Derbys,3.7,3,10999,35.0,7149,casual-shoes,21447
17350218,Delize,Men Black Leather High-Top Flat Boots,0.0,0,13999,68.0,4479,casual-shoes,0
17361518,Buckaroo,Men Tan Brown Solid Leather Flat Boots,0.0,0,4999,25.0,3749,casual-shoes,0
16284648,Crew STREET,Women Sea Green Woven Design Slip-On Sneakers,4.1,41,3099,55.0,1394,casual-shoes,57154
19103830,PUMA Motorsport,Unisex Black Perforations BMW MMS Neo Cat Regular Sneakers,4.5,157,6999,55.0,4199,casual-shoes,659243
21937664,Cortina,Black & Beige 4 Pcs Ethnic Motif Printed Super Stretchable Chair Cover,4.7,15,2598,64.0,935,chair-cover,14025
16712992,Cutiekins,Girls Pink & White Printed Top with Shorts,4.1,454,1999,70.0,719,clothing-set,326426
21836198,Nottie Planet,Boys Printed T-shirt with Shorts,4.5,13,449,30.0,314,clothing-set,4082
18193844,Rubans,Cream-Coloured & Gold-Toned Embellished Embroidered Potli Clutch,4.1,25,1980,75.0,1980,clutches,49500
16694464,Ahalyaa,Women Stunning Blue Printed Top with Solid Skirt,4.1,195,5000,66.0,1700,co-ords,331500
18494054,Home Sizzler,Green & Cream-Coloured Set of 2 Floral Window Curtain,4.3,48,799,40.0,399,curtains-and-sheers,19152
18462808,Homefab India,Unisex Navy Blue Curtains and Sheers,0.0,0,1199,52.0,569,curtains-and-sheers,0
16185546,ellementry,Gold-Toned 2 Pieces Stainless Steel Matte Spoon,5.0,5,1750,,1750,cutlery,8750
15174886,MIAH Decor,Cream-Coloured & Green 2 Pieces Handcrafted Ceramic Matte Bowls,3.2,6,599,40.0,359,dinnerware,2154
21664722,Curvy Clan,Colourblocked A-Line Cotton Maxi Dress,3.7,3,2999,,2999,dresses,8997
21426422,Trendyol,Black Maxi Dress,4.1,10,4399,45.0,2419,dresses,24190
21238004,COVER STORY,Embellished Shoulder Straps Velvet Sheath Dress,4.8,24,3490,40.0,2094,dresses,50256
21426632,Trendyol,Floral Printed Shoulder strap A-Line Mini Dress,3.9,35,3599,30.0,2519,dresses,88165
21673378,RACHNA,Floral Print Flared Sleeve Crepe A-Line Mini Dress,3.0,4,1299,51.0,628,dresses,2512
21664936,Label Ritu Kumar,Candy Striped Pure Cotton Maxi Dress,0.0,0,5900,30.0,4130,dresses,0
21665324,Harpa,Sweetheart Neck Puff Sleeves Sheath Dress,2.3,4,1999,55.0,899,dresses,3596
21664854,aarke Ritu Kumar,Cotton A-Line Dress,4.0,6,2200,30.0,1540,dresses,9240
21664974,Label Ritu Kumar,Candy Striped Pure Cotton Wrap Dress,4.6,7,4500,30.0,3150,dresses,22050
21664840,aarke Ritu Kumar,Floral Georgette A-Line Midi Dress,4.0,6,3500,30.0,2450,dresses,14700
21980370,Tokyo Talkies,Mini A-Line Dress,3.7,26,1599,79.0,335,dresses,8710
21616436,Curves by MISH,Plus Size Shoulder Straps Embellished Maxi Dress,0.0,0,3999,37.0,2519,dresses,0
21988674,Sangria,Floral Printed Tiered A-Line Dress,0.0,0,2999,80.0,599,dresses,0
22004792,WoowZerz,Button Detailed Mini Blazer Dress,4.8,26,2495,50.0,1247,dresses,32422
21979790,Vishudh,Floral Printed A-Line Midi Dress,3.8,55,2049,77.0,471,dresses,25905
18962890,Athena,Fuchsia Solid Asymmetric Hem A-Line Maxi Dress,4.0,34,2499,64.0,899,dresses,30566
19027298,DressBerry,Girls Pink & Navy Blue Floral Printed Shirt Collar Fit & Flare Dress,3.8,40,1499,41.0,884,dresses,35360
18962984,Athena,Burgundy Off-Shoulder Scrunchie Bodycon Dress,4.3,236,2499,68.0,799,dresses,188564
18951626,Berrylush,Women Green Solid Twist & Knot Dress,4.0,60,1899,78.0,398,dresses,23880
18816460,Ethnovog,Women Navy Blue Velvet A-Line Made To Measure Dress with Jacket,3.7,6,7828,52.0,3757,dresses,22542
18944812,DRAAX Fashions,Pink Chiffon Fit and Flare Dress,3.6,8,2399,,2399,dresses,19192
18977246,AURELIA,Blue Ethnic Motifs Maxi Dress,4.1,140,4299,59.0,1750,dresses,245000
18803110,Athena Girl,Yellow Floral Dress,3.5,6,2299,74.0,597,dresses,3582
18962990,Athena,Teal Blue Side Gathered Maxi Dress,4.2,35,2499,66.0,849,dresses,29715
18951632,Berrylush,Women White Floral Pattern Play Dress,3.9,69,1899,80.0,379,dresses,26151
18956684,Forevermore,Mustard Yellow Chiffon Embroidred Ruffle Tiered Midi Dress,4.2,5,1599,,1599,dresses,7995
18981160,Amydus,Blue & Orange Floral Wrap Dress,4.7,43,2799,,2799,dresses,120357
18962952,Athena,Lavender Solid Accordion Pleats Wrap Dress,4.2,3797,2799,60.0,1119,dresses,4248843
18207844,H&M,Women Blue Linen-blend Shirt Dress,3.0,7,1999,,1999,dresses,13993
15736838,U&F,Black Solid Maxi Dress,3.8,1023,1999,66.0,679,dresses,694617
15788324,Tokyo Talkies,Blue Off-Shoulder Maxi Dress,4.2,347,1399,53.0,475,dresses,164825
15691054,QUIERO,Women Alluring Grey Polka Dots Trapeze Dress,3.4,7,2686,65.0,940,dresses,6580
15691070,QUIERO,Women Beautiful Orange Abstract Tiered Dress,4.1,474,2820,65.0,987,dresses,467838
13770986,all about you,Black Solid Midi Halter Neck Fit and Flare Dress,4.2,38,2999,,2999,dresses,113962
17586858,RARE,Women Orange Georgette A-Line Midi Dress,3.4,23,1799,55.0,809,dresses,18607
17692606,Style Quotient,Women Navy Blue Solid Cut-Out Detail Sheath Midi Dress,3.9,12,1899,53.0,892,dresses,10704
17592092,U&F,Women Stylish Mustard Solid All in the Details Dress,4.1,7,2899,74.0,753,dresses,5271
17661682,Tokyo Talkies,Lavender Cut Outs Sheath Mini Dress,4.1,13,1549,61.0,340,dresses,4420
17692718,Style Quotient,Women Tranquil Teal Solid Halter Neck Dress,4.8,8,1599,69.0,495,dresses,3960
17194598,Tokyo Talkies,Women Charming Purple Solid Dress,4.3,48,1749,65.0,437,dresses,20976
17194592,Tokyo Talkies,Women Stunning Blue Solid Dress,4.1,240,1749,65.0,367,dresses,88080
18207478,Tokyo Talkies,Women Gorgeous Green Solid Dress,4.1,333,699,60.0,279,dresses,92907
19032542,BUY NEW TREND,Black & brown Off-Shoulder Georgette Dress,3.8,8,1499,50.0,749,dresses,5992
18996672,Bella Moda,Girls Yellow & Navy Blue Fit and Flare Dress,4.6,8,2017,70.0,605,dresses,4840
19213302,8seconds,Navy Blue Solid Wrap Dress,0.0,0,5099,45.0,2804,dresses,0
15191784,Kazo,Green Halter Neck Peplum Maxi Dress,4.0,35,3690,60.0,1476,dresses,51660
19213200,Label Ritu Kumar,Cream-Coloured & Blue Ethnic Motifs Georgette A-Line Dress,4.8,5,5200,40.0,3120,dresses,15600
19213186,Label Ritu Kumar,Solid Tiered Maxi Dress,1.9,7,6900,30.0,4830,dresses,33810
15104856,SCORPIUS,Women Pretty Pink Solid Sweetheart Neck Dress,0.0,0,1999,70.0,599,dresses,0
20040576,U&F,Olive Green Crepe Maxi Dress,3.8,23,2899,68.0,927,dresses,21321
19987092,Vastralay,Grey & Black Tie and Dye Dyed Midi Dress,4.2,17,2999,78.0,659,dresses,11203
10054817,Veni Vidi Vici,Women Mustard Yellow Bodycon Dress,4.3,110,1890,60.0,756,dresses,83160
10054855,Veni Vidi Vici,Solid Olive Green Ruched Bodycon Dress,4.2,389,1890,60.0,756,dresses,294084
10691426,SASSAFRAS,Black & Beige Ikat Print Cotton Shirt Dress,4.5,4441,2199,65.0,769,dresses,3415129
20040566,U&F,Women Plus Size Turquoise Blue Floral Printed Crepe Maxi Dress,3.3,8,2899,70.0,869,dresses,6952
18963006,Athena,Purple Off-Shoulder Scrunchie Bodycon Dress,4.3,45,2499,68.0,799,dresses,35955
19513066,Stylecast X Hersheinbox,Floral Fit & Flare Dress With Gathered Details,4.5,11,2559,54.0,2559,dresses,28149
13703862,Style Quotient,Women Olive Green Solid Shirt Dress,3.9,46,1749,71.0,507,dresses,23322
18975316,Berrylush,Women  Off-White Striped Knits Bits Dress,4.2,31,3200,74.0,640,dresses,19840
21664826,aarke Ritu Kumar,Floral Layered Chiffon A-Line Dress,4.0,6,2800,30.0,1960,dresses,11760
21242962,Tommy Hilfiger,Sustainable Pure Cotton Denim Shirt Dress With Cut-Outs Detail,4.4,9,5999,40.0,5699,dresses,51291
21653646,ONLY,Floral Printed A-Line Dress,4.6,5,3299,60.0,1319,dresses,6595
21661136,Kannan,Floral Print Shoulder Strap Maxi Dress,0.0,0,2299,70.0,689,dresses,0
20022902,Slenor,Women Embellished Georgette Midi Dress,4.4,10,3599,59.0,1475,dresses,14750
20052002,StyleStone,Green Polka Dots Dress,0.0,0,1599,56.0,703,dresses,0
20046216,YK Disney,Girls Minnie Mouse Graphic Printed A-Line T-shirt Dress,5.0,7,999,67.0,329,dresses,2303
22616192,Oomph!,Square Neck A-Line Dress,3.9,7,1340,63.0,495,dresses,3465
13391600,Mast & Harbour,Women Navy Blue & White Striped A-Line Dress,3.7,200,1499,65.0,524,dresses,104800
22590642,YU by Pantaloons,Round Neck Schiffli Tiered Cotton A-Line Dress,4.8,12,1499,52.0,719,dresses,8628
13572604,Tokyo Talkies,Women Green Self Design Sheath Dress,4.2,58,1799,63.0,1799,dresses,104342
13649832,all about you,Black & Mustard Yellow Printed A-Line Dress,4.3,56,1999,,1999,dresses,111944
13487998,THREAD MUSTER,Women Maroon Solid Maxi Dress,2.7,10,2499,74.0,2499,dresses,24990
13467444,Sugr,Women Green Solid Fit and Flare Dress,3.8,14,899,30.0,899,dresses,12586
13387584,Wish Karo,Girls Black & White Printed Fit and Flare Silk Dress (0-3 Months),4.1,11,1999,65.0,699,dresses,7689
22634940,Rustorange,Floral Print Gathered or Pleated Fit and Flare Ethnic Dresses,3.8,5,3399,56.0,1495,dresses,7475
22622806,HERE&NOW,Fit & Flare Midi Dress,4.0,22,2999,67.0,989,dresses,21758
13558254,Tokyo Talkies,Women Peach-Coloured Printed Fit and Flare Dress,4.1,934,1349,59.0,1349,dresses,1259966
13586840,all about you,Women Yellow Solid A-Line Midi Dress,4.0,29,1899,55.0,1899,dresses,55071
13586818,all about you,Women Green Solid A-Line Dress,4.0,208,1899,54.0,1899,dresses,394992
13406942,Global Desi,Girls Blue Embroidered A-Line Denim Dress,4.8,8,1799,75.0,449,dresses,3592
1341220,Miss Chase,Black & White Striped Belted Dress,4.4,22,1149,10.0,689,dresses,15158
13387582,Wish Karo,Girls Black Polka Dot Printed Fit and Flare Dress,4.7,18,2123,65.0,743,dresses,13374
22638540,Oomph!,Floral Printed Ruffled Crepe Fit & Flare Dress,2.3,4,1340,63.0,495,dresses,1980
13391540,Mast & Harbour,EcoVero Women Yellow & White Abstract Printed Tiered Shirt Dress,4.1,576,1999,66.0,679,dresses,391104
13447736,DODO & MOA,Women Yellow & Blue Printed A-Line Midi Dress,2.1,8,2799,60.0,1119,dresses,8952
13435624,Deewa,Women Navy Blue & Off-White Floral Print Maxi Dress,4.1,28,2199,69.0,681,dresses,19068
13382036,plusS,Women Olive Green Accordion Pleated Midi A-Line Dress with Belt,4.2,623,1899,83.0,322,dresses,200606
22610596,NIGHTSPREE,Printed Crepe Maternity Fit & Flare Denim Midi Dress,0.0,0,2799,50.0,1399,dresses,0
13449506,DOOR74,Women Black Solid Maxi Dress,5.0,7,2399,70.0,719,dresses,5033
13411990,DODO & MOA,Women Teal Green Solid Off-Shoulder Fit and Flare Dress With Bell Sleeves,2.8,6,2990,65.0,1046,dresses,6276
22590644,YU by Pantaloons,Shoulder Straps Schiffli Cotton A-Line Dress,4.7,17,1399,54.0,643,dresses,10931
13375140,HOUSE OF KKARMA,Women Navy Blue Printed A-Line Dress,3.9,17,3499,65.0,1224,dresses,20808
13398280,Zastraa,Women Grey Solid Sheath Dress,4.3,45,3299,70.0,989,dresses,44505
12933978,Oxolloxo,Women Orange Solid Fit and Flare Dress,0.0,0,1899,64.0,669,dresses,0
13379612,THE SILHOUETTE STORE,Women Orange Solid Maxi Dress,2.0,3,1399,,1399,dresses,4197
22630128,NUEVOSDAMAS,Girls Polka Dot Printed Crepe Fit & Flare Dress,2.8,5,1999,70.0,599,dresses,2995
22610562,NIGHTSPREE,Band Collar Floral Printed Maternity Fit & Flare Dress,0.0,0,2299,50.0,1149,dresses,0
22596522,Vero Moda,Shoulder Straps Cut Out Smocked A-Line Midi Dress,4.3,12,3799,65.0,1329,dresses,15948
22619942,Styli,Burgundy Puff Sleeve Accordion Pleated Fit & Flare Midi Dress,3.7,11,2799,51.0,1371,dresses,15081
13400194,Style Quotient,Girls Navy Blue Striped Drop-Waist Dress,0.0,0,1299,73.0,350,dresses,0
21683822,ASTRID,Men Solid Small Travel Duffel Bag,0.0,0,2099,64.0,755,duffel-bag,0
12356000,KLEIO,Women Green Solid Vegan Quilted Unisex Gym Bag,4.6,8,3499,55.0,3499,duffel-bag,27992
12944214,Cherry Crumble,Boys Olive Green Solid Corduroy Dungarees,3.8,11,2599,45.0,1429,dungarees,15719
20065316,Clora Creation,Navy Blue & White Woven Design Dupatta,0.0,0,2199,38.0,1363,dupatta,0
19761848,Clora Creation,Red & Gold-Toned Embroidered Dupatta with Sequinned,0.0,0,1299,37.0,818,dupatta,0
17739270,Clora Creation,Maroon & Gold-Toned Striped Dupatta with Beads and Stones,0.0,0,999,50.0,499,dupatta,0
21656682,Dupatta Bazaar,Embroidered Dupatta with Sequinned,4.3,33,999,51.0,499,dupatta,16467
22601102,Nimidiya,Ethnic Motifs Printed Cotton Dupatta,0.0,0,999,60.0,399,dupatta,0
22601210,Nimidiya,Leheriya Dyed Dupatta,4.5,13,999,60.0,399,dupatta,5187
22601148,Nimidiya,Dupatta With taping Border,3.3,3,999,60.0,399,dupatta,1197
22601132,Nimidiya,Dupatta With taping Border,3.2,9,999,60.0,399,dupatta,3591
20195790,Dupatta Bazaar,Sequin Embroidered Net Dupatta,4.7,10,999,48.0,999,dupatta,9990
12999996,Vishudh,Women Navy Blue Checked Dupatta,4.6,17,599,62.0,227,dupatta,3859
22585502,Nimidiya,Ethnic Motifs Printed Dupatta,0.0,0,999,60.0,399,dupatta,0
15720652,Rubans,Silver-Toned Dome Shaped Studs Earrings,3.8,21,1480,76.0,355,earrings,7455
15713414,Crunchy Fashion,White Contemporary Studs Earrings,4.2,22,1998,68.0,639,earrings,14058
15750524,Priyaasi,Rose Gold-Plated Dome Shaped Jhumkas,4.4,97,7999,74.0,2079,earrings,201663
15014966,Priyaasi,Gold-Toned & Gold Plated Contemporary Jhumkas Earrings,4.9,13,3949,76.0,947,earrings,12311
10125243,KARATCART,White Gold-Plated Stone-Studded Beaded Chandelier Classic Drop Earrings,4.0,213,1282,62.0,487,earrings,103731
10564232,PRITA BY PRIYAASI,Multicoloured Gold-Plated Beaded Handcrafted Circular Half Hoop Earrings,4.3,727,1130,69.0,350,earrings,254450
10145409,Jewels Galaxy,Gunmetal-Toned Gold-Plated Stone-Studded Circular Drop Earrings,0.0,0,1199,65.0,419,earrings,0
10135431,Priyaasi,Green Gold-Plated Dome Shaped Jhumkas,4.5,347,1000,50.0,500,earrings,173500
10125225,KARATCART,Peach-Coloured & Off-White Gold-Plated Stone-Studded Crescent Shaped Chandbalis,4.1,872,1568,73.0,423,earrings,368856
10125241,KARATCART,Green Gold-Plated Beaded Enamelled Floral Chandbalis,4.2,22,1711,82.0,307,earrings,6754
19925208,Yellow Chimes,Women Green & Gold Boho Dangle Chiffon Silk Layered Petal Hoop Earrings,4.1,14,774,44.0,433,earrings,6062
20064092,AMI,Set Of 25 Gold-Toned Gold Plated Contemporary Hoop & Stud Earrings,3.8,6,1995,80.0,399,earrings,2394
17354670,ANIKAS CREATION,Gold-Plated White Contemporary Drop Earrings,4.0,5,1995,69.0,1995,earrings,9975
20041906,KARATCART,Women Black Oxidised Classic Drop Earrings,4.3,9,1730,65.0,605,earrings,5445
19821318,Golden Peacock,Oxidised Silver-Toned Floral Cluster Beads Circular Studs,0.0,0,1149,63.0,425,earrings,0
22600236,Inddus Jewels,Rhodium-Plated Cubic Zirconia Heart Shaped Studs Earrings,0.0,0,5099,60.0,2039,earrings,0
22601952,SOHI,Gold Plated Teardrop Shaped Drop Earrings,4.5,15,1455,76.0,349,earrings,5235
22618882,Saraf RS Jewellery,Silver-Plated Contemporary Oxidised Drop Earrings,4.2,99,3795,77.0,872,earrings,86328
22593810,ZENEME,Rhodium-Plated American Diamond Studded Square Shaped Drop Earrings,0.0,0,2999,78.0,659,earrings,0
14467848,GIVA,925 Sterling Silver Rhodium Plated Chain Hoop Earrings,4.4,17,2799,50.0,1399,earrings,23783
14399558,Shoshaa,Silver-Plated & Pink Oxidised Drop Earrings,4.6,21,2488,72.0,696,earrings,14616
19072820,FemNmas,Silver-Toned Classic Studs Earrings,4.4,5,249,,249,earrings,1245
13402874,Crunchy Fashion,Black & Gold-Toned Contemporary Jhumkas,4.2,6,1575,78.0,346,earrings,2076
13401002,Adwitiya Collection,Gold-Toned & Green Dome Shaped Jhumkas,0.0,0,3189,81.0,599,earrings,0
13340876,Kord Store,Red Gold Plated Meenakari Classic Jhumkas,4.4,7,4524,88.0,542,earrings,3794
12930940,TOKYO TALKIES X rubans FASHION ACCESSORIES,Gold-Plated & White Contemporary Drop Earrings,3.9,14,1650,81.0,313,earrings,4382
12930744,ANIKAS CREATION,Blue Dome Shaped Jhumkas,4.4,16,1075,55.0,483,earrings,7728
12928940,ANIKAS CREATION,Gold-Toned Circular Drop Earrings,0.0,0,1600,70.0,480,earrings,0
12928904,ANIKAS CREATION,Gold-Plated Drop Earrings with Multicoloured Set of 6 Changeable Stones,3.8,6,1600,70.0,480,earrings,2880
22600220,Inddus Jewels,925 Sterling Silver Square Studs Earrings,0.0,0,6599,57.0,2837,earrings,0
22593700,ZENEME,Rhodium-Plated American Diamond Studded Triangular Shaped Drop Earrings,0.0,0,3999,75.0,999,earrings,0
13445210,ANIKAS CREATION,Off-White Gold-Plated Contemporary Studs,0.0,0,580,23.0,446,earrings,0
22593680,ZENEME,Gold-Plated Dome Shaped Jhumkas Earrings,0.0,0,2999,87.0,389,earrings,0
22593696,ZENEME,Rhodium-Plated American Diamond Studded Crescent Shaped Drop Earrings,0.0,0,2799,70.0,839,earrings,0
21604464,Inddus,Pink Sheer Floral Embroidered Midi Ethnic Dress With Inner,3.3,7,6299,58.0,2645,ethnic-dresses,18515
21990058,Rustorange,Floral Printed A-Line Midi Ethnic Dress,5.0,2,3299,55.0,1484,ethnic-dresses,2968
21992820,PANIT,Embroidered Sequinned Georgette Fit And Flare Ethnic Maxi Dress,4.4,14,7999,71.0,2319,ethnic-dresses,32466
15741084,Ashnaina,Red Floral Crepe Tiered Maxi Dress,3.2,6,1799,65.0,629,ethnic-dresses,3774
15741088,Ashnaina,Women Brown Animal Midi Fit and Flare Dress,4.1,88,1799,67.0,593,ethnic-dresses,52184
15788632,AURELIA,Black Checked Empire Midi Dress,4.2,14,2499,44.0,1380,ethnic-dresses,19320
15749780,W,Women Mustard Yellow & White Ethnic Printed Maxi Ethnic Dress,4.3,23,3999,60.0,1599,ethnic-dresses,36777
16197802,Vishudh,Grey Floral Embroidered Ethnic Maxi Dress,3.9,609,3049,60.0,853,ethnic-dresses,519477
19197596,W,Blue Floral Chiffon A-Line Midi Dress,3.9,10,2799,49.0,1420,ethnic-dresses,14200
18922226,Ahalyaa,Off White Geometric Printed Maxi Dress,2.8,8,4300,63.0,1591,ethnic-dresses,12728
22411344,Juniper,Floral Embroidered Flared Cotton Midi Dress,3.9,11,4149,75.0,1037,ethnic-dresses,11407
19990734,VASTRAMAY,Girls Mustard Yellow Chikankari Cotton Ethnic Dress,4.7,9,2499,61.0,974,ethnic-dresses,8766
10127829,Geroo Jaipur,White & Red Floral Hand Block Printed Pure Cotton Sustainable Dress,3.8,6,2499,60.0,999,ethnic-dresses,5994
10132319,Karmic Vision,Women Grey & Red Solid Maxi Dress,3.9,12,4999,53.0,2349,ethnic-dresses,28188
13404948,YASH GALLERY,Women Black & White Cotton Printed A-Line Maternity Dress,4.1,67,3899,76.0,935,ethnic-dresses,62645
12994772,Souchii,Women Cream-Coloured Floral Printed A-Line Dress,3.9,10,1999,47.0,1059,ethnic-dresses,10590
13355452,Rangriti,Women Coral Pink & White Liva Checked A-Line Dress With Belt,4.4,33,1299,35.0,1299,ethnic-dresses,42867
13405888,Saanjh,Women Green Printed Fit and Flare Dress,4.0,7,1969,62.0,787,ethnic-dresses,5509
22603284,JAIPURI COLLECTION,Ethnic Motifs Printed Maxi Ethnic Dress,3.9,10,2899,71.0,840,ethnic-dresses,8400
22583702,Mialo fashion,Ethnic Printed Kaftan Dress,2.7,9,2999,78.0,659,ethnic-dresses,5931
15787112,Mamaearth,Oil-Free Face Moisturizer With Turmeric & Saffron For Skin Brightening  - 80 ml,4.3,903,319,12.0,280,face-moisturisers,252840
10075857,Organic Harvest,Spot Reduction Face Cream with Kakadu Plum & Almonds Extracts,3.7,9,845,20.0,676,face-moisturisers,6084
12926546,natural vibes,Unisex Ayurvedic Teatree Facewash 150ml,4.8,9,449,5.0,426,face-wash-and-cleanser,3834
18299664,Bata,Women Black Open Toe Flats,3.8,75,1199,20.0,959,flats,71925
19974396,FORVELA,Women Black Open Toe Flats,3.9,46,999,55.0,449,flats,20654
16704788,Birkenstock,Unisex Regular Width Glamour Gold Gizeh Essentials Slide Sandals,4.5,12,4990,,4990,flats,59880
21888172,Brauch,Embellished Pointed Toe Ballerinas,4.0,10,1499,60.0,599,flats,5990
21735080,Birkenstock,Women Gizeh Regular Width T-Strap Flats,4.5,11,6990,,6990,flats,76890
21735014,Birkenstock,Women Madrid Big Buckle Narrow Width Nubuck Leather Open Toe Flats,4.8,5,9490,,9490,flats,47450
21928414,Clarks,Open Toe T-Strap Flats,4.0,11,3499,,3499,flats,38489
21866528,SAPATOS,Women Solid Open Toe Flats,0.0,0,999,40.0,599,flats,0
18638536,CODE by Lifestyle,Women White Embellished Mules Flats,4.0,20,1499,50.0,1499,flats,29980
13596626,Anouk,Women Gold-Toned & Beige Embellished One Toe Flats,4.3,44,2299,,2299,flats,101156
13533588,Padvesh,Women Pink Textured Ballerinas,3.9,30,899,45.0,899,flats,26970
22413952,Styli,Women Embellished Open Toe Flats,0.0,0,1599,51.0,783,flats,0
21205620,Tommy Hilfiger,Women Printed Thong Flip-Flops,4.3,8,2599,30.0,1559,flip-flops,12472
21497394,Puma,Unisex Mia V2 Printed Thong Flip-Flops,4.1,52,999,50.0,499,flip-flops,25948
18489598,Campus,Men Black & Red Striped Rubber Thong Flip-Flops,3.1,9,449,20.0,359,flip-flops,3231
18521180,Reebok,Women White & Purple Cuba Flip Thong Flip-Flops,4.5,75,1999,50.0,999,flip-flops,74925
18504724,Bata,Men Black & White Sliders,3.5,48,999,55.0,449,flip-flops,21552
20124616,Duke,Men Printed Thong Flip-Flops,4.3,20,399,35.0,259,flip-flops,5180
19790160,toothless,Girls Pink & Green Printed Rubber Thong Flip-Flops,4.1,15,499,60.0,199,flip-flops,2985
18598106,Ginger by Lifestyle,Women Pink & White Printed Rubber Thong Flip-Flops,4.4,45,499,40.0,499,flip-flops,22455
13579258,HIGHLANDER,Men Blue & White Printed Sliders,3.8,83,798,30.0,798,flip-flops,66234
16168398,Bata,Women Brown Printed Room Slippers,4.1,38,599,25.0,449,flip-flops,17062
15134218,Paragon,Men Grey & Black Printed Rubber Thong Flip-Flops,4.0,66,599,45.0,329,flip-flops,21714
19256318,Lil Lollipop,Unisex Kids Pink & Orange Printed Rubber Clogs,0.0,0,1390,30.0,973,flip-flops,0
13639590,U.S. Polo Assn.,Men Conex Striped Sliders,3.5,4,1499,50.0,749,flip-flops,2996
21431930,yoho,Men Rubber Comfortable Thong Flip-Flops,4.0,24,1499,63.0,554,flip-flops,13296
21597086,Paragon,Women Stylish Outdoor Cushioned Lightweight Sliders,3.0,12,799,45.0,439,flip-flops,5268
13374246,Saral Home,Blue Solid PP-Yarn Round Anti-Skid Multi-Use Floor Mat,0.0,0,1999,50.0,999,floor-mats--dhurries,0
13374206,Saral Home,White & Grey Geometric Patterned Multi-Use Dhurrie,3.4,7,1199,45.0,659,floor-mats--dhurries,4613
13374286,Saral Home,Blue Foor Mat,4.7,7,1999,27.0,1459,floor-mats--dhurries,10213
13374306,Saral Home,Gold-Coloured Solid PP-Yarn Round Anti-Skid Multi-Use Floor Mat,0.0,0,1999,50.0,999,floor-mats--dhurries,0
13374334,Saral Home,Green Solid Anti-Skid Floor Mat,4.4,5,1999,27.0,1459,floor-mats--dhurries,7295
1848495,Teakwood Leathers,Men Brown Leather Formal Shoes,3.5,25,10199,60.0,4079,formal-shoes,101975
21850100,FAUSTO,Men Formal Lace-Up Oxfords Shoes,0.0,0,999,1.0,989,formal-shoes,0
19778366,EZOK,Men Brown Leather Textured Formal Derbys,0.0,0,4299,34.0,2837,formal-shoes,0
21869550,San Frissco,Men Genuine Leather Formal Loafers,0.0,0,7995,63.0,2958,formal-shoes,0
21931392,Clarks,Men Leather Round Toe Formal Derbys,4.4,7,9999,40.0,5999,formal-shoes,41993
21524384,FAUSTO,Men Leather Formal Derbys,0.0,0,1399,1.0,1385,formal-shoes,0
17755896,Red Tape,Men Black Solid Genuine Leather Formal Derbys,4.0,265,6899,70.0,6899,formal-shoes,1828235
21679542,INVICTUS,Men Leather Formal Derbys,0.0,0,4595,74.0,1194,formal-shoes,0
21656954,Fashion Victim,Men Tassel Leather Formal Slip on Shoes,3.5,6,3999,72.0,1119,formal-shoes,6714
22609796,HERE&NOW,Men Black Perforated Formal Brogues,3.7,29,2999,70.0,899,formal-shoes,26071
13376884,DAVINCHI,Men Black Solid Formal Leather Slip-On Shoes,0.0,0,6990,55.0,3145,formal-shoes,0
13411744,CARLO ROMANO,Men Black Solid Burnish Leather Formal Shoes,3.7,23,3998,48.0,2078,formal-shoes,47794
21602846,SUGAR,Aquaholic Hydrating Foundation with Built-In Cushion Applicator 30ml - Latte 10,4.2,12,899,,899,foundation,10788
14950128,YK,Kids Coffee Brown Striped Hand Gloves,4.5,62,699,50.0,349,gloves,21638
21996616,CHANDERKASH,Women Black Set of 4 Bumpit Hair Pin,3.0,2,1199,60.0,479,hair-accessory,958
22579802,DIAN,Women Set Of 10 Assorted Knot Hairband,1.8,8,1000,56.0,440,hair-accessory,3520
16721772,BodyHerbals,Anti-Static Wide Tooth Dressing Comb,4.4,14,399,16.0,335,hair-brush-and-comb,4690
18584192,7 DAYS,"Vitamin C Face Scrub For Glowing Skin, With Walnut For Skin Illumination-100 g",4.5,13,499,56.0,219,hair-cream-and-mask,2847
18584190,7 DAYS,100% Natural & Pure Amla Powder for Hair & Skin - 100 g,4.4,11,499,56.0,219,hair-masks,2409
21421856,Baggit,Dinosaur Textured PU Regular Structured Handheld Bag,4.4,5,1990,50.0,796,handbags,3980
21421918,Baggit,Textured Handheld Bag,4.6,18,1890,46.0,1039,handbags,18702
16696848,Accessorize,London Women Faux Leather Piper Sling bag,4.6,38,4995,61.0,1648,handbags,62624
21232798,ESTALON,Women PU Bowling Sling Bag,0.0,0,2499,64.0,899,handbags,0
18200086,Caprese,Yellow Structured Shoulder Bag,4.0,59,3699,75.0,924,handbags,54516
7743536,Lino Perros,Navy Blue Solid Shoulder Bag,4.5,6,4495,66.0,4495,handbags,26970
7743355,Lino Perros,Blue Solid Shoulder Bag,4.3,14,3495,60.0,3495,handbags,48930
8293015,Lychee bags,White Solid Sling Bag,3.9,84,1699,4.0,1699,handbags,142716
17637810,Toteteca,Women Black PU Structured Shoulder Bag,4.8,5,3099,63.0,3099,handbags,15495
17761230,Caprese,Red Leather Structured Shoulder Bag,4.1,10,3999,70.0,3999,handbags,39990
15188034,Metro,Grey PU Swagger Sling Bag,4.3,10,1290,,1290,handbags,12900
21762808,Baggit,Structured Sling Bag,4.6,10,1690,50.0,845,handbags,8450
21421996,Baggit,Studded Sling Bag,4.5,40,1990,50.0,995,handbags,39800
21621752,Berrylush,Checked Structured Handheld Bag,4.0,111,3299,59.0,1349,handbags,149739
13359482,FLYING BERRY,Silver-Toned Solid Handheld Bag,4.9,7,2999,44.0,1679,handbags,11753
13389422,DailyObjects,Multicoloured Printed Sling Bag,4.3,123,2999,62.0,1139,handbags,140097
13389410,DailyObjects,Pink & Beige Printed Sling Bag,4.2,30,2999,62.0,1139,handbags,34170
22603262,DailyObjects,Charcoal Trunk Laptop Tote Bag,3.8,6,3999,25.0,2999,handbags,17994
17743820,NOISE,"Beads White Truly Wireless Earbuds with 18hrs Playtime, and HyperSync",3.8,97,3499,,3499,headphones,339403
19219056,BLAUPUNKT,BH51 Wireless Earphones - Black,4.5,11,5999,33.0,3999,headphones,43989
16193242,CrossBeats,Silver-Toned Solid Truly Wireless In-Ear Earbuds,1.7,17,9999,,9999,headphones,169983
13474452,Allen Solly,Women Tan Brown & Black Solid Block Heels,4.3,14,2299,50.0,2299,heels,32186
17647418,FOOTONS,Women Beige Comfort Sandals,5.0,2,3199,55.0,3199,heels,6398
18596612,Brauch,Grey Colourblocked Block Peep Toes with Buckles,0.0,0,999,62.0,379,heels,0
13475738,TRASE,Women Brown Laser Cut Wedges,4.0,39,1599,,1599,heels,62361
22217088,DressBerry,Open Back Flatform Heels,4.1,34,1599,54.0,735,heels,24990
22200396,Bruno Manetti,Textured Pointed Toes Block Pumps,4.0,5,3999,63.0,1479,heels,7395
19217010,Inc 5,Women Beige Embellished Ethnic Wedge Heels,4.4,14,2690,,2690,heels,37660
22200418,Bruno Manetti,Embellished Open Toe Wedges,3.9,8,3999,65.0,1399,heels,11192
15120922,Anouk,Women White & Gold-Toned Block Heel Sandals,4.0,25,2699,60.0,1079,heels,26975
16276014,Iris,Brown & Black Home Fragrance Set,4.5,6,700,15.0,595,home-fragrance-set,3570
16299490,Bodycare Kids,Bodycare Boys Pack Of 6 Assorted Cotton Ben 10 Basic Innerwear Vests,3.8,10,978,,978,innerwear-vests,9780
22429820,YK Basics,Boys Pack of 5 Solid Pure Cotton Innerwear Vests,3.5,12,1299,61.0,532,innerwear-vests,6384
19014822,mothercare,Boys Colourblocked Fleece Lined Padded Jacket,4.6,7,3499,45.0,2624,jackets,18368
19015560,U.S. Polo Assn. Kids,Boys Yellow Solid Puffer Jacket,4.5,40,2499,43.0,1424,jackets,56960
19020502,U.S. Polo Assn.,Men Red & Navy Blue Colourblocked Puffer Jacket,4.4,338,6299,53.0,2960,jackets,1000480
19014828,mothercare,Infant Girls Pure Cotton Tailored Jacket,4.5,15,2999,25.0,2249,jackets,33735
18976038,VOXATI,Men Olive Green Denim Jacket,3.9,345,2599,58.0,1090,jackets,376050
19015652,U.S. Polo Assn. Kids,Girls Pink Self Design Bomber Jacket,4.2,19,2799,46.0,1511,jackets,28709
19020536,U.S. Polo Assn.,U S Polo Assn Men Blue & White Colourblocked Long Sleeves Puffer Jacket,4.1,91,6999,50.0,3499,jackets,318409
19020616,U.S. Polo Assn.,U S Polo Assn Men Beige & Black Colourblocked Puffer Jacket,4.3,47,6299,30.0,3149,jackets,148003
19020478,U.S. Polo Assn.,Men Black & Teal Green Colourblocked Sleeveless Puffer Jacket,4.3,150,4599,40.0,2759,jackets,413850
19002890,VERO AMORE,Women Pink Insulator Outdoor Parka Jacket Plus Size,0.0,0,3850,59.0,1578,jackets,0
19020722,U.S. Polo Assn.,Men Yellow Solid Puffer Jacket,4.0,64,5999,50.0,2999,jackets,191936
19837040,High Star,Women Olive Green Solid Crop Padded Jacket,4.1,41,3749,85.0,3749,jackets,153709
19837008,High Star,Women Navy Blue Solid Parka Jacket,3.9,32,4549,85.0,4549,jackets,145568
19020654,U.S. Polo Assn.,U S Polo Assn Men Black And Blue Colourblocked Hooded Puffer Jacket,4.0,54,6999,40.0,3499,jackets,188946
14991614,Roadster,Men Green Brand Logo Detail Tailored Jacket,4.2,363,1699,50.0,509,jackets,184767
16182066,People,Men Mustard Sleeveless Bomber Jacket,4.3,71,1799,48.0,935,jackets,66385
16175148,Status Quo,Men Black Colourblocked Padded Jacket,0.0,0,4999,50.0,2499,jackets,0
19231126,Mast & Harbour,Women Brown PU Coated Biker Jacket,4.2,31,4499,68.0,1439,jackets,44609
14979464,Yuuki,Men Grey Melange and Black Colourblocked Lightweight Sporty Jacket,0.0,0,2199,55.0,989,jackets,0
19987190,Peter England,Men White Solid Padded Jacket,3.9,33,2499,26.0,1849,jackets,61017
19020564,U.S. Polo Assn.,Men Olive Green Bomber Jacket,4.3,112,5299,50.0,2649,jackets,296688
19015534,U.S. Polo Assn. Kids,Girls Maroon Solid Puffer Jacket,4.1,33,2499,36.0,1599,jackets,52767
19020450,U.S. Polo Assn.,U S Polo Assn Men Navy Blue Puffer Jacket,4.3,96,6499,40.0,3249,jackets,311904
19020572,U.S. Polo Assn.,U S Polo Assn Men Olive Green Brand Logo Printed Bomber Jacket,4.0,95,5499,40.0,2749,jackets,261155
14281506,HRX by Hrithik Roshan,HRX By Hrithik Roshan Lifestyle Men Medieval Blue Rapid-Dry Colourblock Jacket,3.9,127,3299,,3299,jackets,418973
11973216,Mast & Harbour,Women Navy Blue Solid Hooded Lightweight Bomber Jacket,4.0,378,2699,55.0,2699,jackets,1020222
19020676,U.S. Polo Assn.,Men Charcoal Bomber Jacket,4.6,85,5699,45.0,3134,jackets,266390
19020358,U.S. Polo Assn.,Men Navy Blue Bomber Jacket,3.5,125,5799,50.0,2899,jackets,362375
19020568,U.S. Polo Assn.,Men White Navy Blue Solid Reversible Open Front Jacket,4.2,199,6999,40.0,4199,jackets,835601
18973692,Levis,Men Blue 65504 Skinny Fit Mid Rise Light Fade Stretchable Jeans,4.2,426,4099,57.0,4099,jeans,1746174
18973742,Levis,Men Blue Slim Fit Slash Knee Heavy Fade Stretchable Jeans,4.2,182,4399,48.0,2287,jeans,416234
19008522,Calvin Klein Jeans,Women Straight Fit Pure Cotton Jeans,3.8,14,7999,20.0,4799,jeans,67186
18974084,Levis,512 Men Navy Blue Slim Tapered Fit Mid-Rise Light Fade Clean Look Stretchable Jeans,4.2,135,4399,57.0,1891,jeans,255285
18873126,KETCH,Men Charcoal Slim Fit Clean Look Light Fade Stretchable Jeans,4.0,20,1749,64.0,629,jeans,12580
18826658,Chemistry,Women Navy Blue Casual Jeans,3.7,15,1899,55.0,854,jeans,12810
18960426,Lee,Men Blue Rodeo Straight Fit Low Distress Heavy Fade Stretchable Jeans,3.9,42,3799,55.0,1709,jeans,71778
18802522,BEAT LONDON by PEPE JEANS,Men Tapered Fit Low-Rise Heavy Fade Stretchable Jeans,4.0,20,2799,50.0,1399,jeans,27980
18973648,Levis,Men Blue 511 Slim Fit Light Fade Stretchable Jeans,4.2,290,4099,,4099,jeans,1188710
18973888,Levis,Men Skinny Fit Heavy Fade Stretchable Jeans,4.4,333,4099,,4099,jeans,1364967
18973730,Levis,Men Blue 511 Slim Fit Mid Rise Light Fade Stretchable Jeans,4.1,193,4399,49.0,4399,jeans,849007
18973948,Levis,Men Blue 512 Slim Tapered Fit Stretchable Jeans,4.0,30,4999,30.0,3499,jeans,104970
19008496,Calvin Klein Jeans,Women Skinny Fit High-Rise Light Fade Stretchable Jeans,5.0,8,7999,40.0,4799,jeans,38392
18873142,KETCH,Men Blue Slim Fit Low Distress Heavy Fade Stretchable Jeans,0.0,0,1849,62.0,699,jeans,0
18992754,AMERICAN EAGLE OUTFITTERS,Women Grey Straight Fit High-Rise Highly Distressed Jeans,4.8,5,4499,60.0,1799,jeans,8995
18973922,Levis,Men Blue 65504 Skinny Fit Mid Rise Light Fade Stretchable Jeans,4.1,237,4099,,4099,jeans,971463
18979610,KiddoPanti,Girls Grey No Fade Stretchable Cotton Jeans,3.9,7,1399,52.0,671,jeans,4697
18675392,Jack & Jones,Men Blue Skinny Fit Mildly Distressed Heavy Fade Jeans,3.8,81,3499,50.0,1749,jeans,141669
18973950,Levis,65504 Men Navy Blue Skinny Straight Fit Mid-Rise Light Fade Stretchable Jeans,4.1,156,4999,51.0,2449,jeans,382044
18198558,FOREVER 21,Women Navy Blue Flared Light Fade Wide-leg Jeans,3.7,6,1799,70.0,1799,jeans,10794
18094702,Roadster,The  Lifestyle Co Men Blue Slim Fit Mid-Rise Stretchable Jeans,3.9,35,2499,60.0,2499,jeans,87465
19842706,Llak Jeans,Men Black Skinny Fit Light Fade Stretchable Jeans,4.2,9,2299,75.0,2299,jeans,20691
13768634,Nautica,Men Black Slim Fit Stretchable Jeans,4.6,16,4999,,4999,jeans,79984
18973700,Levis,Men Blue 511 Slim Fit Heavy Fade Stretchable Jeans,3.8,116,4699,,4699,jeans,545084
18973728,Levis,Men 65504 Skinny Tapered Fit Jeans,4.4,260,4399,47.0,4399,jeans,1143740
18903330,Levis,Women Blue Skinny Fit High-Rise Stretchable Jeans,4.4,235,3299,20.0,1649,jeans,387515
18973740,Levis,Men Blue 512 Slim Tapered Fit Mid Rise Stretchable Jeans,4.3,340,4099,57.0,4099,jeans,1393660
18953840,KETCH,Men Grey Slim Fit Heavy Fade Stretchable Jeans,3.2,24,1899,68.0,607,jeans,14568
18969982,Allen Solly Junior,Boys Slim Fit Heavy Fade Stretchable Jeans,4.2,6,1799,35.0,1169,jeans,7014
18953870,KETCH,Men Charcoal Tapered Fit Light Fade Stretchable Jeans,3.8,85,1749,62.0,682,jeans,57970
19017664,Allen Solly Sport,Men Navy Blue Slim Fit Light Fade Jeans,3.9,8,3299,40.0,1979,jeans,15832
18925586,KETCH,Men Charcoal Skinny Fit Mildly Distressed Stretchable Jeans,3.6,15,1749,62.0,649,jeans,9735
18734066,Flying Machine,Men Blue Micheal Slim Fit Mid-Rise Light Fade Stretchable Jeans,4.1,26,2699,61.0,1052,jeans,27352
18993370,Blackberrys,Men Navy Blue Slim Fit Stretchable Jeans,4.3,29,3295,40.0,1647,jeans,47763
15190770,AMERICAN EAGLE OUTFITTERS,Women Blue Slim Fit High-Rise Light Fade Jeans,4.0,6,3999,60.0,1599,jeans,9594
22203852,Cantabil,Men Low Rise Clean Look Light Fade Stretchable Cotton Jeans,0.0,0,3999,66.0,1359,jeans,0
22005330,H&M,Women Slim Regular Ankle Jeans,3.8,5,2999,,2999,jeans,14995
22203876,Cantabil,Men Cotton Heavy Fade Stretchable Jeans,0.0,0,3999,66.0,1359,jeans,0
15067844,Flying Machine,Men Blue Jackson Skinny Fit Low-Rise Heavy Fade Printed Stretchable Jeans,4.1,69,2399,50.0,1199,jeans,82731
19059688,Flying Machine,Men Blue Slim Fit Light Fade Stretchable Jeans,3.7,72,2999,55.0,1499,jeans,107928
18960434,Lee,Men Blue Bruce Skinny Fit Light Fade Stretchable Jeans,4.4,34,3999,55.0,1999,jeans,67966
18925582,KETCH,Men Blue Bootcut Mildly Distressed Heavy Fade Stretchable Jeans,2.9,11,1999,62.0,739,jeans,8129
18973952,Levis,Men Blue 517 Slim Fit Mid-Rise Stretchable Jeans,4.1,329,3499,48.0,3499,jeans,1151171
18973778,Levis,Men Blue 517 Slim Bootcut Fit Light Fade Stretchable Jeans,3.7,61,4399,51.0,2155,jeans,131455
18689340,Flying Machine,Women Black Wide Leg High-Rise Light Fade Cropped Jeans,4.3,36,2349,42.0,1362,jeans,49032
18708638,Dennis Lingo,Men Black Slim Fit Low Distress Light Fade Stretchable Jeans,3.4,13,3199,73.0,863,jeans,11219
18734000,Flying Machine,Men Blue Michael Slim Tapered Fit Heavy Fade Stretchable Jeans,3.7,72,2699,61.0,1052,jeans,75744
18973790,Levis,Men Blue 512 Slim Tapered Fit Heavy Fade Jeans,4.3,54,5599,50.0,2799,jeans,151146
21184968,HERE&NOW,Women Flared Heavy Fade Stretchable Jeans,4.6,111,2399,68.0,767,jeans,85137
18734380,Flying Machine,Men Black Slim Tapered Micheal Fit Stretchable Jeans,3.6,12,2599,50.0,2599,jeans,31188
18736356,H&M,Women Blue Ripped Boyfriend Low Regular Jeans,3.8,40,2699,25.0,2024,jeans,80960
18903148,Levis,Women Blue 711 Skinny Fit Light Fade Stretchable Jeans,4.3,150,3899,20.0,2027,jeans,304050
18734006,Flying Machine,Men Blue Jackson Skinny Fit Low-Rise Heavy Fade Stretchable Jeans,4.3,42,2499,50.0,1249,jeans,52458
18928362,AMERICAN EAGLE OUTFITTERS,Women Blue Skinny Fit Mildly Distressed Light Fade Jeans,4.1,9,4499,60.0,1799,jeans,16191
18964420,American Bull,Men Blue Skinny Fit Light Fade Jeans,4.5,2,4299,62.0,1633,jeans,3266
18734132,Flying Machine,Men Blue Jackson Skinny Fit Low-Rise Heavy Fade Stretchable Jeans,3.6,62,2499,61.0,974,jeans,60388
18973914,Levis,Men Blue 512 Slim Tapered Fit Mid Rise Light Fade Stretchable Jeans,4.4,243,3799,60.0,2089,jeans,507627
15049188,Roadster,Pink & Black Geometric Printed Basic Smocked Detail Jumpsuit,4.5,50,2099,60.0,692,jumpsuit,34600
19841310,SHOWOFF,Women Solid Straight Red Kurta,4.0,4,1500,60.0,1500,kurtas,6000
17760672,Cayman,Women Blue Ethnic Motifs Printed Kurta,4.0,11,1345,70.0,1345,kurtas,14795
17656880,Vishudh,Women Blue Thread Work Straight Kurta,4.4,43,1499,43.0,1499,kurtas,64457
22214714,Nehamta,Striped Mandarin Collar Kurta,3.7,10,1227,43.0,699,kurtas,6990
16186258,Vishudh,Women Black Keyhole Neck Kurta,4.2,87,1799,79.0,377,kurtas,32799
22110424,VASTRADO,Ethnic Motifs Printed Mandarin Collar Pure Cotton Short Kurta,5.0,2,1199,55.0,539,kurtas,1078
18637234,House of Pataudi,Women Blue & Silver-Toned Ethnic Motifs Yoke Design Kurta,4.2,85,2499,,2499,kurtas,212415
17627254,HERE&NOW,Women Blue Solid Pure Cotton Kurta,3.9,131,1599,70.0,1599,kurtas,209469
13562488,KSUT,Women Black & White Geometric Screen Print Mandarin Collar Pure Cotton Straight Kurta,4.3,95,1599,57.0,1599,kurtas,151905
17644540,Libas,Women Pink & Golden Yoke Design  Kurta,4.2,364,2499,64.0,899,kurtas,327236
13506804,Ishin,Women Teal Embellished Anarkali Cotton Kurta,4.1,169,5199,54.0,5199,kurtas,878631
18637284,House of Pataudi,Women Ethnic Motifs Embroidered Anarkali Jashn Kurta,4.1,34,3999,,3999,kurtas,135966
19574714,Cayman,Women Black Floral Printed Woollen Kurta,4.3,17,5995,50.0,5995,kurtas,101915
19580226,DEVOILER,Men Coffee Brown Solid Kurta,4.7,7,2499,55.0,2499,kurtas,17493
19513786,Desi Mix,Women Sea Green Floral Printed Kurta,4.0,11,400,15.0,400,kurtas,4400
12509548,Ishin,Women Maroon & Off-White Printed A-Line Kurta with Mirror Work,0.0,0,3899,86.0,545,kurtas,0
12524816,HERE&NOW,Women Blue & Golden Ethnic Printed Straight Kurta,4.1,937,1199,,1199,kurtas,1123463
12531668,INDYA,Women White & Pink Printed A-Line Layered Kurta,4.4,10,2900,55.0,2900,kurtas,29000
12418812,Indo Era,Women Black & White Bandhani Print Straight Kurta,3.7,22,1599,50.0,1599,kurtas,35178
19688180,KALINI,Women Pink Floral Printed Keyhole Neck Floral Georgette Kurta,4.1,11,1499,47.0,1499,kurtas,16489
19027440,Jompers,Men Grey Embroidered Mirror Work Pure Cotton Kurta with Pyjamas,0.0,0,3499,75.0,874,kurta-sets,0
19027402,Jompers,Men Mustard Yellow Ethnic Motifs Embroidered Mirror Work Pure Cotton Kurta with Pyjamas,4.5,6,3499,75.0,874,kurta-sets,5244
18925432,Indo Era,Women Green Sequinned Kurta with Palazzos & With Dupatta,4.7,14,5399,74.0,1403,kurta-sets,19642
19027344,Jompers,Men Maroon Ethnic Motifs Kurta with Churidar,0.0,0,3499,80.0,699,kurta-sets,0
18997222,IRIDAA JAIPUR,Women Blue Beige Floral Printed Pure Cotton Kurta with Palazzos,2.3,3,3999,67.0,1319,kurta-sets,3957
19027362,Jompers,Men Black Embroidered Chikankari Pure Cotton Kurta with Churidar,3.8,61,2499,55.0,1124,kurta-sets,68564
18946592,Indian Virasat,Women Peach-Coloured Ethnic Motifs Printed Pure Cotton Kurta with Trousers,4.3,9,2999,72.0,839,kurta-sets,7551
19027352,Jompers,Men Green Ethnic Motifs Kurta with Churidar,4.2,104,2199,66.0,747,kurta-sets,77688
17754514,Indo Era,Women Purple Floral Embroidered Kurta with Trousers & With Dupatta,4.1,91,6799,75.0,1699,kurta-sets,154609
13781254,Sangria,Women Red & Golden Ethnic Motifs Printed Pure Cotton Kurta with Trousers,3.8,295,2199,,2199,kurta-sets,648705
13771276,Nayo,Women Green Printed Kurta with Palazzos & Dupatta,3.9,35,3999,70.0,3999,kurta-sets,139965
17754686,ADIVA,Girls Yellow Floral Printed Angrakha Gotta Patti Pure Cotton Kurti with Sharara,3.8,25,2999,67.0,2999,kurta-sets,74975
19027424,Jompers,Men Yellow Angrakha Kurta with Pyjamas,4.1,151,2199,66.0,747,kurta-sets,112797
19027432,Jompers,Men Peach-Coloured Ethnic Motifs Embroidered Chikankari Dupion Silk Kurta with Pyjamas,4.4,35,2999,63.0,1109,kurta-sets,38815
15189724,VASTRAMAY,Boys Gold-Toned Solid Silk Blend Regular Kurta With Pyjamas,4.2,62,1799,59.0,737,kurta-sets,45694
16193712,Do Dhaage,Women Magenta & White Bandhani Printed Regular Chanderi Silk Kurta with Trousers,0.0,0,4099,59.0,1680,kurta-sets,0
18971008,Sethukrishna,Men Cream Solid Art Silk Kurta with Dhoti Pants,0.0,0,3719,37.0,2342,kurta-sets,0
19027420,Jompers,Men Black Embroidered Mirror Work Kurta with Pyjamas,4.0,10,3499,75.0,874,kurta-sets,8740
18989660,KID1,Girls Pink Floral Printed Pure Cotton Kurti with Sharara & Dupatta,0.0,0,2599,62.0,987,kurta-sets,0
14325388,Anouk,Women Peach-Coloured Pure Cotton Ethnic Motifs Print Pleated Kurta with Palazzos,4.1,99,2899,,2899,kurta-sets,287001
17090208,Anouk,Women Maroon Solid V-Neck Straight Kurta with Trousers,4.3,100,3399,,3399,kurta-sets,339900
13446422,Biba,Women Cream-Coloured Motifs Print Panelled Cotton Kurta with Churidar & Dupatta,4.4,749,4995,50.0,2997,kurta-sets,2244753
22198236,MALHAAR,Geometric Print Mandarin Collar Top,3.7,6,2299,75.0,689,kurtis,4134
2184914,SUGAR,Smudge Me Not Liquid Matte Lipstick with Vitamin E 4.5 ml - Greige Rage 11,4.3,76,499,13.0,434,lipstick,32984
16873660,Peter England,Men Maroon Cotton Track suits,3.9,22,1049,,1049,lounge-pants,23078
18273822,Dreamz by Pantaloons,Women Grey & White Striped Cotton Lounge Shorts,4.5,15,499,2.0,489,lounge-shorts,7335
13478370,Jack & Jones,Men Navy Blue Solid Polo Collar Lounge T-shirt,3.7,10,1199,10.0,1199,lounge-tshirts,11990
22492614,U.S. Polo Assn.,Men Brand Logo Printed Pure Cotton Lightweight Lounge T-Shirt,4.2,19,699,5.0,664,lounge-tshirts,12616
13428018,ETC,Women Brown & Navy Blue Pure Cotton Striped Lounge T-Shirt,4.3,189,799,70.0,559,lounge-tshirts,105651
19235554,ANNA CREATIONS,Gold-Plated Gold-Toned & Beaded A-Alphabet  Mangalsutra,3.8,16,899,,899,mangalsutra,14384
18932802,DailyObjects,Blue & Pink Royal Parade Printed iPhone 12 Pro Back Case,0.0,0,2199,68.0,703,mobile-accessories,0
15898082,Bailey sells,Blue Printed Maxi Nightdress,4.6,5,1450,52.0,696,nightdress,3480
22721938,Sweet Dreams,Khaki Floral Printed Pure Cotton Maxi Nightdress,4.8,5,999,40.0,999,nightdress,4995
17832728,Dreamz by Pantaloons,Typography Printed T-shirt Nightdress,4.9,12,699,47.0,699,nightdress,8388
20441812,Kanvin,Women Black Solid Maxi Nightdress,3.6,5,2499,50.0,2499,nightdress,12495
17288308,KID1,Girls Navy Blue & Pink Printed Pure Cotton Night suit,4.0,16,1499,40.0,1499,night-suits,23984
18209958,Sweet Dreams,Men Black Solid Casual Night suit,4.1,13,2099,44.0,2099,night-suits,27287
15973760,Zoom Minimondo,Unisex Kids Magenta & Blue Pure Cotton Night suit,4.8,10,1299,69.0,402,night-suits,4020
16512022,MASQ,Men Pack Of 3 Solid 4-Ply Reusable Pure Cotton Cloth Masks,4.5,35,447,50.0,223,outdoor-masks,7805
17359602,Swiss Design,Pack Of 20 Assorted 5-Ply Anti-Pollution N95 Masks,3.0,2,1500,85.0,225,outdoor-masks,450
15749326,W,Women Maroon Solid Crinkled Effect Cropped Ethnic Pure Cotton Palazzos,3.6,24,1499,65.0,740,palazzos,17760
17307488,Clora Creation,Women Yellow & Blue Set Of 2 Flared Ethnic Palazzos,0.0,0,2399,59.0,983,palazzos,0
17309754,Clora Creation,Women Red Rayon Palazzos,3.9,61,899,45.0,494,palazzos,30134
17361920,Indo Era,Women Navy Blue Solid Straight Palazzos,4.2,23,1799,69.0,557,palazzos,12811
17307424,Clora Creation,Women Set of 2 Multi Palazzos,4.0,3,2399,59.0,983,palazzos,2949
17307484,Clora Creation,Pack Of 2 Women Red & Magenta Knitted Palazzos,0.0,0,2399,59.0,983,palazzos,0
17386184,Clora Creation,Women Black Printed Knitted Palazzos,0.0,0,1299,62.0,493,palazzos,0
17321108,TAG 7,Women Maroon Hem Design Flared Fit Palazzos,3.6,19,1579,65.0,552,palazzos,10488
17288460,Cutiekins,Girls Off White Solid Knitted Linen Palazzos,4.2,26,1099,59.0,450,palazzos,11700
17307462,Clora Creation,Women Pack Of 2 Red & Beige Knitted Ethnic Palazzos,0.0,0,2399,59.0,983,palazzos,0
17309774,Clora Creation,Women Pack Of 2 Navy Blue & White Knitted Palazzos,3.8,6,1999,60.0,799,palazzos,4794
15114984,Go Colors,Women White Ethnic Palazzos,4.0,53,899,,899,palazzos,47647
15782402,BEARDO,Beardo Set of God Father & Dark Side Eau De Parfum 100 ml Each,4.4,153,2700,68.0,864,perfume-and-body-mist,132192
15715190,Salona Bichona,Set Of 2 White & Pink Floral Printed Pure Cotton Pillow Covers,3.7,12,499,50.0,249,pillow-covers,2988
15720606,Rubans,Gold-Plated Contemporary Boho Finger Ring,3.5,6,1890,74.0,415,ring,2490
15294314,Zaveri Pearls,Set of 2 Rose Gold Plated CZ-Studded Contemporary Rings,4.4,27,1995,82.0,359,ring,9693
16254760,Zaveri Pearls,Set Of 3 Gold-Plated White & Green Kundan-Studded & Beaded Meenakari Finger Rings,4.2,504,2250,81.0,2250,ring,1134000
10601120,Saral Home,Green Solid Anti Slip Polyester Kitchen Runner,0.0,0,2499,27.0,1824,runners,0
10018911,SEJ by Nisha Gupta,Multicoloured Printed Table Runner,4.5,13,1849,70.0,554,runners,7202
12944202,Saral Home,Blue & Black Striped Pure Cotton Multi-Purpose Floor Runner,0.0,0,799,25.0,599,runners,0
15679734,John Karsun,Men Black Comfort Sandals,2.7,10,3649,81.0,693,sandals,6930
10044165,Coolers,Men Black Solid Sandals,4.2,18,799,,799,sandals,14382
17696210,Yellow Bee,Boys White & Black Comfort Sandals,4.0,15,499,15.0,424,sandals,6360
12932560,Eego Italy,Men Tan Brown Shoe-Style Sandals,3.5,6,2999,67.0,989,sandals,5934
19183770,Crocs,Unisex Multicoloured Classic Spray Dye Croslite Clogs,4.1,21,3295,20.0,2636,sandals,55356
18949542,Red Chief,Men Tan & Black Leather Comfort Sandals,4.3,32,3099,50.0,1549,sandals,49568
15725544,SALWAR STUDIO,Women Navy Blue & Green Printed Padded Cotton Readymade Saree Blouse,4.1,12,3555,49.0,1813,saree-blouse,21756
14654046,SALWAR STUDIO,Women Silver-Coloured Embroidered Readymade Saree Blouse,4.4,12,4995,56.0,2197,saree-blouse,26364
19698082,Mitera,Women Cream-Coloured & Green Floral Silk Blend Banarasi Saree,3.5,6,2599,68.0,2599,sarees,15594
17314272,Saree mall,Mint Green & Gold Solid Linen Blend Taant Sarees,3.4,12,4799,73.0,4799,sarees,57588
21425266,Satrani,Woven Design Zari Banarasi Saree,3.6,242,4699,74.0,4699,sarees,1137158
18462146,KALINI,Women Navy Blue Sarees,3.4,10,1599,60.0,1599,sarees,15990
18465340,Silk Land,Beige & Orange Floral Printed Pure Cotton Jamdani Saree,4.1,15,4125,70.0,4125,sarees,61875
17292364,Mitera,Mustard & Gold-Toned Striped Zari Leheriya Saree,4.0,18,4199,76.0,1007,sarees,18126
17292396,Mitera,Grey & White Floral Printed Zari Silk Cotton Saree,0.0,0,6999,76.0,1679,sarees,0
17275964,Mitera,Charcoal Grey & Off White Abstract Print Bhagalpuri Art Silk Ikat Saree,0.0,0,2999,75.0,749,sarees,0
17292330,Mitera,Maroon & Beige Floral Pochampally Saree,3.8,11,4599,76.0,1103,sarees,12133
17349470,Mitera,Lime Green & Yellow Bagh Linen Blend Banarasi Saree,0.0,0,5499,76.0,1319,sarees,0
16273460,Saree mall,Green Silk Blend Vichitra Ethnic Embelished Sarees,0.0,0,6599,73.0,1781,sarees,0
16287798,Saree mall,Olive Green Ethnic Motifs Silk Blend Banarasi Saree,0.0,0,5299,76.0,1271,sarees,0
16287654,Saree mall,Navy Blue Floral Linen Blend Banarasi Saree,4.1,359,4099,75.0,1024,sarees,367616
16287750,Saree mall,Green Floral Linen Blend Banarasi Saree,0.0,0,4099,76.0,983,sarees,0
16287690,Saree mall,Grey Floral Linen Blend Banarasi Saree,0.0,0,4099,72.0,1147,sarees,0
16287830,Saree mall,Black Floral Linen Blend Banarasi Saree,4.2,12,4099,76.0,983,sarees,11796
16287694,Saree mall,Brown Floral Linen Blend Banarasi Saree,0.0,0,4099,72.0,1147,sarees,0
16287764,Saree mall,Purple Silk Cotton Banarasi Saree,4.1,129,4799,72.0,1343,sarees,173247
14975360,KALINI,Yellow & Green Ethnic Motifs Fusion Saree,3.9,1194,2396,75.0,599,sarees,715206
19233030,Satrani,Blue & Gold-Toned Woven Design Zari Silk Cotton Saree,0.0,0,4612,74.0,1199,sarees,0
19823504,VAIRAGEE,Black Embellished Sequinned Celebrity Saree,4.2,19,9995,83.0,1699,sarees,32281
19305196,MARGI DESIGNERS,Green & Gold-Toned Woven Design Zari Art Silk Kanjeevaram Saree,0.0,0,4499,62.0,1709,sarees,0
16293500,BELLEZIYA,Women Blue & White Printed Scarf,4.3,3,1249,65.0,437,scarves,1311
16293432,BELLEZIYA,Women Blue & White Tie & Dye Dyed Scarf,4.7,6,1499,65.0,524,scarves,3144
14487194,Lotus Botanicals,Ginger Root Dandruff-Control Shampoo with Tea Tree Oil 300 ml,4.0,45,495,50.0,247,shampoo-and-conditioner,11115
14472340,Earth Rhythm,Milk Protein Shampoo Bar  80g,4.1,21,379,25.0,284,shampoo-and-conditioner,5964
16779444,FIXDERMA COSMETIC LABORATORIES,Women Strengthening Hair Conditioner - 300ml,4.8,5,1250,,1250,shampoo-and-conditioner,6250
15880308,Sirona,Aloevera Post Shave Gel & Twin Blade Disposable Razor Combo,4.9,7,294,3.0,285,shaving-essentials,1995
17332192,KISAH,Men Beige & Green Woven-Design Sherwani Set,4.3,3,13099,62.0,4977,sherwani,14931
17332264,KISAH,Men Sherwani with Churidar & Dupatta Set,0.0,0,13799,66.0,4691,sherwani,0
17332220,KISAH,Men Cream-coloured & Grey Printed Cotton Sherwani Set,3.8,8,16199,61.0,6317,sherwani,50536
17332288,KISAH,Men Beige & Lime Green Woven Design Sherwani With Jacket,0.0,0,22199,66.0,7547,sherwani,0
17332244,KISAH,Men Brown & Grey Printed Sherwani Set,0.0,0,12599,58.0,5291,sherwani,0
18719236,SPYKAR,Men Blue Slim Fit Faded Casual Shirt,2.9,12,2999,50.0,1499,shirts,17988
18960048,The Indian Garage Co,Men White & Beige Striped Casual Shirt,4.2,128,1749,74.0,507,shirts,64896
18960188,The Indian Garage Co,Men White & Charcoal Grey Printed Cotton Casual Shirt,4.4,35,1749,74.0,454,shirts,15890
18960016,The Indian Garage Co,Men Cream-Coloured Solid Casual Shirt,4.0,102,1749,74.0,454,shirts,46308
18996778,U.S. Polo Assn.,U S Polo Assn Men Blue Gingham Checks Patch Pocket Checked Casual Shirt,4.2,10,2599,50.0,1559,shirts,15590
18996772,U.S. Polo Assn.,U S Polo Assn Men Coral and Blue Striped 100% Cotton Casual Shirt,4.9,10,2799,50.0,1399,shirts,13990
18719418,SPYKAR,Men Green Slim Fit Buffalo Checks Checked Casual Shirt,0.0,0,2799,55.0,1259,shirts,0
18960086,The Indian Garage Co,Men Green Slim Fit Horizontal Stripes Casual Shirt,4.5,23,1749,72.0,454,shirts,10442
18960098,The Indian Garage Co,Men Black & White Printed Casual Cotton Shirt,3.8,5,1749,76.0,419,shirts,2095
18971858,Sztori,Men Plus Size Printed Casual Shirt,4.0,43,2699,74.0,701,shirts,30143
17304036,SPYKAR,Men Red and Navy Blue Tartan Checked Pure Cotton Slim Fit Casual Shirt,4.0,26,2199,60.0,2199,shirts,57174
17377642,Roadster,The  Lifestyle Co Men Navy Blue Checked Pure Cotton Casual Shirt,4.0,94,1499,50.0,1499,shirts,140906
18463946,Lee,Men Pink Slim Fit Tartan Checks Checked Casual Shirt,4.5,15,2399,50.0,2399,shirts,35985
13621622,U.S. Polo Assn.,Men Blue Regular Fit Printed Casual Shirt,4.4,41,2399,,2399,shirts,98359
13480184,Flying Machine,Men White & Grey Regular Fit Printed Casual Shirt,3.7,25,1699,,1699,shirts,42475
17719808,Louis Philippe Jeans,Men Green & White Slim Fit Tartan Checked Pure Cotton Casual Shirt,4.5,18,2199,31.0,2199,shirts,39582
18759238,HERE&NOW,Women Yellow And Black Polka Dot Printed Casual Shirt,4.3,32,1399,47.0,741,shirts,23712
20394602,Cantabil,Men Black Solid Cotton Formal Shirt,4.4,38,1999,60.0,1999,shirts,75962
13672974,WROGN,Men White & Red Regular Fit Checked Casual Shirt,4.1,250,2599,55.0,2599,shirts,649750
13694492,Ecentric,Men Cream-Coloured Slim Fit Eco-Friendly Hemp Casual Sustainable Shirt,4.5,22,2499,35.0,1624,shirts,35728
21388884,French Connection,Slim Fit Striped Cotton Casual Shirt,4.3,58,2199,70.0,2199,shirts,127542
13681812,Ecentric,Men Blue Slim Fit Solid Eco-Friendly Hemp Casual Sustainable Shirt,4.0,5,2499,35.0,1624,shirts,8120
21396820,Jack & Jones,Men Slim Fit Printed Casual Shirt,4.4,15,3499,65.0,3499,shirts,52485
16042682,Nautica,Men Navy Blue Printed Casual Shirt,4.2,15,3599,50.0,1799,shirts,26985
14519404,The Indian Garage Co,Men Khaki Casual Shirt,3.9,117,1749,74.0,489,shirts,57213
18996754,U.S. Polo Assn.,U S Polo Assn Men Brown Tartan Checks Checked Pure Cotton Casual Shirt,4.1,9,2599,50.0,1299,shirts,11691
18927466,U.S. Polo Assn.,U S Polo Assn Men Blue Casual Shirt,4.0,69,2299,50.0,1149,shirts,79281
17296250,CAVIO,Boys Green & Black Colourblocked Casual Shirt,4.3,20,1290,33.0,864,shirts,17280
17297320,Antony Morato,Men Black & Yellow Printed Casual Shirt,0.0,0,6999,50.0,3499,shirts,0
17280264,HIGHLANDER,Men Sea Green & Pink Slim Fit Printed Cotton Casual Shirt,4.2,1246,1199,59.0,491,shirts,611786
17355950,Mast & Harbour,Men Coral Orange Solid Pure Cotton Casual Shirt,4.0,78,1999,74.0,519,shirts,40482
17313694,JAINISH,Men Coral Solid Classic Cotton Formal Shirt,3.0,5,1999,71.0,579,shirts,2895
17356740,Mast & Harbour,Men Navy Blue Pure Cotton Striped Casual Shirt,3.9,99,1899,73.0,512,shirts,50688
17320764,Bruun & Stengade,Men White Slim Fit Floral Printed Cotton Casual Shirt,0.0,0,6499,50.0,3249,shirts,0
17363588,JAINISH,Men Navy Blue & White Printed Formal Shirt,3.8,4,1499,70.0,449,shirts,1796
17307612,Louis Philippe Jeans,Men Blue Slim Fit Checked Casual Cotton Shirt,4.3,23,2199,30.0,1539,shirts,35397
17345842,JC Collection,Women Blue Abstract Printed Casual Shirt,4.1,12,3499,45.0,1924,shirts,23088
17322090,JAINISH,Men Grey Classic Pure Cotton Formal Shirt,3.3,18,1399,61.0,545,shirts,9810
17354282,JAINISH,Men Navy Blue Classic Formal Shirt,4.0,23,999,45.0,549,shirts,12627
17278954,KETCH,Men Grey Solid Slim Fit Cotton Casual Shirt,4.0,79,1249,62.0,474,shirts,37446
17289046,Roadster,The  Lifestyle Co. Women Pure Cotton Puff Sleeves Casual Shirt,3.7,23,1699,57.0,730,shirts,16790
17327438,Dream of Glory Inc,Men Pack Of 2 Black & White Casual Shirt,2.8,6,4398,58.0,1847,shirts,11082
17300314,John Pride,Plus Size Olive Green Casual Cotton Shirt,3.8,11,1899,55.0,854,shirts,9394
17307656,SIMON CARTER LONDON,Men White Slim Fit Floral Printed Casual Shirt,4.6,5,2799,60.0,1119,shirts,5595
17313630,JAINISH,Men Blue Classic Formal Shirt,4.1,68,1999,71.0,579,shirts,39372
17342230,Pepe Jeans,Boys White Printed Casual Shirt,4.3,6,1599,55.0,671,shirts,4026
17331296,Fabindia,Men Blue Stripes Striped Cotton Casual Shirt,4.4,5,1699,,1699,shirts,8495
17345374,Pepe Jeans,Men Blue Printed Cotton Casual Shirt,4.0,34,2499,60.0,999,shirts,33966
17355884,Mast & Harbour,Men Green & Navy Blue Checked Pure Cotton Casual Shirt,4.1,167,1999,65.0,699,shirts,116733
17322122,JAINISH,Men Blue & White Classic Printed Formal Shirt,4.0,2,1599,70.0,479,shirts,958
17293106,DressBerry,Women Pink & White Slim Fit Floral Printed Casual Shirt,4.2,622,1599,59.0,591,shirts,367602
17342236,Pepe Jeans,Boys Yellow & Blue Cotton Checked Casual Shirt,4.4,16,1599,55.0,671,shirts,10736
17322136,JAINISH,Men Blue Classic Pure Cotton Formal Shirt,4.0,5,1399,61.0,545,shirts,2725
17375000,ColorPlus,Men Red Printed Casual Shirt,4.5,15,2399,30.0,1151,shirts,17265
17355886,Mast & Harbour,Men Regular Fit Tartan Checks Casual Shirt,3.8,31,1999,75.0,499,shirts,15469
18045128,Gini and Jony,Boys Blue Classic Floral Printed Casual Shirt,3.5,6,1149,48.0,540,shirts,3240
17289100,Roadster,The  Life Co. Spread Collar Pure Cotton Casual Shirt,4.3,7,1899,55.0,854,shirts,5978
17313676,JAINISH,Men Burgundy Classic Smart Slim Fit Formal Shirt,4.0,11,1499,61.0,584,shirts,6424
17302022,Pantaloons Junior,Boys Blue Solid Cotton Casual Shirt,4.4,77,799,14.0,687,shirts,52899
17313952,KETCH,Men Navy Blue & Red Slim Fit Checked Casual Shirt,3.9,101,999,55.0,369,shirts,37269
17352294,Mast & Harbour,Men Black Solid Slim Fit Cotton Linen Casual Shirt,4.0,195,2099,63.0,776,shirts,151320
22326558,Dennis Lingo,Spread Collar Slim Fit Tartan Checked Pure Cotton Casual Shirt,3.3,26,2499,76.0,599,shirts,15574
18960146,The Indian Garage Co,Men Dusty Pink Printed Casual Cotton Shirt,4.0,61,1749,74.0,454,shirts,27694
18970712,Tommy Hilfiger,Boys Corduroy Casual Shirt,4.5,10,3299,40.0,1979,shirts,19790
18960126,The Indian Garage Co,Men Peach-Coloured Printed Casual Cotton Shirt,4.1,21,1749,74.0,454,shirts,9534
18960118,The Indian Garage Co,Men Rust Orange Floral Print Cotton Casual Shirt,3.9,12,1749,71.0,507,shirts,6084
18970848,Tommy Hilfiger,Boys Green & Blue Tartan Checks Pure Cotton Casual Shirt,4.6,14,2799,40.0,1679,shirts,23506
18969276,Ruhaans,Women Black Classic Casual Shirt,4.1,14,1399,54.0,643,shirts,9002
18946970,YOVISH,Men Charcoal Smart Slim Fit Casual Shirt,3.8,4,3499,,3499,shirts,13996
18959846,bigbanana,Men Olive Green Classic Tartan Checks Casual Plus Size Shirt,3.5,11,2399,62.0,911,shirts,10021
13692666,M&H Our Water,Men Blue Sustainable Casual Shirt,3.7,51,1899,50.0,1899,shirts,96849
13692652,M&H Our Water,Men Rust Brown & Off-White Slim Fit Checked Sustainable Casual Shirt,4.2,78,2499,,2499,shirts,194922
13768790,Nautica,Men Blue & White Slim Fit Printed Smart Casual Shirt,4.3,40,3299,50.0,3299,shirts,131960
13453254,DENNISON,Men Mauve Smart Slim Fit Solid Cotton Linen Casual Shirt,4.6,7,2199,74.0,2199,shirts,15393
18450788,Nautica,Men Teal Blue And White Slim Fit Micro Checked Pure Cotton Casual Shirt,4.3,118,4299,,4299,shirts,507282
18690268,Dennis Lingo,Men Slim Fit Tropical Casual Shirt,4.6,5,1999,80.0,1999,shirts,9995
13770578,Nautica,Men Blue & Grey Checked Classic Fit Casual Shirt,4.4,53,2799,50.0,2799,shirts,148347
13675502,Flying Machine,Men Teal Blue & Yellow Regular Fit Checked Casual Shirt,4.1,108,1799,,1799,shirts,194292
18734674,Flying Machine,Men Solid Cotton Linen Casual Shirt,3.9,18,999,50.0,999,shirts,17982
13775106,RARE RABBIT,Men Black Regular Fit Solid Casual Shirt,4.4,63,3299,50.0,3299,shirts,207837
13470886,Roadster,The  Lifestyle Co Greenturn Women Teal Blue Solid Longline ECOVERO Sustainable Shirt,4.1,203,1399,,1399,shirts,283997
13722850,Roadster,X Discovery Adventures Women Olive Green Opaque Casual Shirt,4.4,39,1999,50.0,999,shirts,38961
13675482,Flying Machine,Men Green & Black Regular Fit Checked Casual Shirt,3.8,44,1799,55.0,1799,shirts,79156
18443082,Marks & Spencer,Women Blue & White Pure Cotton Striped Longline Shirt,4.3,19,1999,15.0,1699,shirts,32281
20042586,Flying Machine,Men Off White Standard Slim Fit Printed Pure Cotton Casual Shirt,4.4,140,1799,45.0,1799,shirts,251860
20308616,Arrow,Men Maroon Original Slim Fit Pure Cotton Casual Shirt,4.0,64,2499,50.0,2499,shirts,159936
20009218,Peter England,Men Off White Slim Fit Striped Formal Shirt,3.9,28,2299,30.0,2299,shirts,64372
20308496,Arrow,Men Black Original Slim Fit Pinstripes Opaque Pure Cotton Formal Shirt,4.3,70,2499,,2499,shirts,174930
20042696,Flying Machine,Men White Standard Slim Fit Solid Casual Shirt,3.9,102,1999,55.0,1999,shirts,203898
20308670,Arrow,Men Self-Checked Original Slim Fit Formal Shirt,4.7,64,2399,40.0,1199,shirts,76736
19999300,Dennis Lingo,Men Navy Blue Slim Fit Tartan Checked Casual Shirt,4.4,16,2499,74.0,2499,shirts,39984
19822716,Oxolloxo,Men Beige Classic Animal Semi Sheer Printed Casual Shirt,2.8,6,1849,64.0,1849,shirts,11094
20308620,Arrow,Men Blue Original Slim Fit Grid Tattersall Checks Opaque Pure Cotton Formal Shirt,4.0,59,2499,50.0,2499,shirts,147441
18960194,The Indian Garage Co,Men White Printed Casual Cotton Shirt,3.9,73,1749,72.0,349,shirts,25477
19276504,Turtle,Men Beige Printed Cotton Slim Fit Casual Shirt,4.7,7,1399,40.0,839,shirts,5873
19299798,Louis Philippe,Men Navy Blue Solid Slim Fit Formal Shirt,4.4,32,2799,,2519,shirts,80608
18903374,Levis,Women Blue Pure Cotton Casual Shirt,4.6,168,2599,45.0,2079,shirts,349272
18947596,KASSUALLY,Women Green Slim Fit Denim Outdoor Denim Shorts,4.7,9,1799,67.0,593,shorts,5337
18946864,Cub McPaws,Girls Yellow Printed Shorts,4.5,20,1499,53.0,699,shorts,13980
18921438,Gini and Jony,Boys Black Denim Outdoor Shorts,4.6,28,1599,25.0,959,shorts,26852
13624708,Nike,Men Black Solid Standard Fit CHALLENGER DRI FIT Running Sports Shorts,4.4,376,1795,,1795,shorts,674920
18645102,DChica,Girls Black Skinny Fit High-Rise Cycling Shorts,4.3,16,599,53.0,599,shorts,9584
13695234,HRX by Hrithik Roshan,"HRX By Hrithik Roshan Women Medieval Blue,Wild Lime,Wet Weather Colourblock Regular Fit Bio-Wash Lifestyle Shorts",4.4,150,1499,30.0,1049,shorts,157350
13610026,HRX by Hrithik Roshan,HRX By Hrithik Roshan Men Black Forest & Golden Poppy Colourblock Regular Fit Rapid-Dry Antimicrobial Running Shorts,4.2,84,1899,40.0,1139,shorts,95676
16051700,Miaz Lifestyle,Women White Set Of 2 Biker Shorts,0.0,0,1999,52.0,959,shorts,0
14561272,ASICS,Court M 7In   Men Black Solid Mid-Rise Tennis Shorts,5.0,5,2299,50.0,1149,shorts,5745
16051704,Miaz Lifestyle,Women Pack Of 2 Beige & White Sports Shorts,0.0,0,1999,71.0,579,shorts,0
14494548,CUTECUMBER,Girls Pack Of 2 Printed Mid-Rise Regular Shorts,4.3,11,650,,650,shorts,7150
14496210,CUTECUMBER,Girls Pack of 2 Floral Printed Mid-Rise Regular Shorts,4.6,46,650,,650,shorts,29900
16043840,BRINNS,Women Dark Grey Solid Mid Rise Regular Shorts,0.0,0,1699,60.0,679,shorts,0
18942852,FITINC,Women Blue Skinny Fit High-Rise Training or Gym Sports Shorts with Antimicrobial Technology,4.4,14,999,55.0,449,shorts,6286
18650484,CLUB A9,Women Pink Floral Printed Shorts,4.5,14,699,54.0,321,shorts,4494
19024468,Blackberrys,Men Pure Cotton Printed Slim Fit Shorts,4.1,9,1695,40.0,1017,shorts,9153
17333612,UNDER ARMOUR,Women Mustard Yellow Play Up 3.0 Colourblocked Shorts,3.6,10,2499,25.0,1874,shorts,18740
17332648,Tommy Hilfiger,Women Red & Navy Blue Printed Chino Shorts,4.7,9,2999,40.0,1499,shorts,13491
15177608,HRX by Hrithik Roshan,Boys Green Shorts,4.5,61,1399,30.0,979,shorts,59719
18947600,KASSUALLY,Women White Printed Slim Fit High-Rise Denim Outdoor Hot Pants Shorts,4.7,38,1899,66.0,645,shorts,24510
18658050,Allen Solly,Men Brown Printed Slim Fit Shorts,4.6,13,1799,40.0,1079,shorts,14027
17341550,TIED RIBBONS,Multi Coloured Human Face Statue Figurine Showpiece,0.0,0,2499,75.0,624,showpieces,0
13572038,Shae by SASSAFRAS,Women Green & Red Pure Cotton Printed Maxi Tiered Skirt,4.3,51,1999,60.0,799,skirts,40749
17367638,Berrylush,Navy Blue Self-Design Bling it On Skirt,4.3,16,1199,26.0,983,skirts,15728
17299116,Clora Creation,Black & Gold-Toned Ethnic Motifs Print Rayon Ethnic Flared Maxi Skirt,0.0,0,1599,60.0,639,skirts,0
17306258,Purple Feather,Women Solid Midi Pencil Skirt,4.2,81,1499,71.0,434,skirts,35154
17332132,Mayra,Women Pink Solid Accordion Pleated Flared Maxi Skirt,3.8,13,1895,70.0,568,skirts,7384
17367634,Berrylush,Black Animal Printed Wrap it Up Skirt,4.3,43,1399,74.0,363,skirts,15609
17745816,Lancer,Men Navy Blue Textile Running Non-Marking Shoes,4.0,6,1999,40.0,1999,sports-shoes,11994
17631178,Slazenger,Men White Woven Design Walking Shoes,3.7,127,3599,,3599,sports-shoes,457073
13686682,Campus,Women White Mesh Walking Shoes,4.1,452,799,6.0,751,sports-shoes,339452
14480064,AfroJack,Men Black Textile Long Distance Running Non-Marking Shoes,3.1,46,3995,80.0,799,sports-shoes,36754
10667394,Campus,Men Navy Blue Mesh Madrid Running Shoes,4.1,35,1499,37.0,944,sports-shoes,33040
20071104,ADIDAS,Men Striped Amalgo M Running Shoes,4.5,149,4299,,2794,sports-shoes,416306
20072084,ADIDAS,Women Woven Design Runfalcon 3.0 Running Shoes,4.1,22,5999,,3599,sports-shoes,79178
20071622,ADIDAS,Men Woven Design Znchill Running Shoes,3.2,21,11999,,7199,sports-shoes,151179
20071558,ADIDAS,Men Striped Pep Run M Running Shoes,4.1,231,3599,,2339,sports-shoes,540309
20071402,ADIDAS,Men Rokr Trail Trekking Shoes,4.5,149,4599,,4599,sports-shoes,685251
20070948,ADIDAS,Men Hitrail Mid WPN Trekking Shoes,4.1,52,5999,,5999,sports-shoes,311948
20070966,ADIDAS,Men Colourblocked Hikelacer Trekking Shoes,4.2,36,4799,,2879,sports-shoes,103644
20075460,UCLA,Men Olive Green Mesh Walking Non-Marking Shoes,3.7,3,4199,74.0,1091,sports-shoes,3273
20071236,ADIDAS,Unisex Printed Predator Accuracy.4 Football Shoes,4.3,57,5299,,5299,sports-shoes,302043
22054912,UNDER ARMOUR,Men Woven Design HOVR Infinite 4 Running Shoes,3.9,18,13499,,13499,sports-shoes,242982
14208408,TRASE,Boys Navy Blue & White Sand-I Running Shoes,4.2,20,999,,999,sports-shoes,19980
11441718,Duke,Men Black & Red Woven Design Running Shoes,4.2,50,2695,75.0,2695,sports-shoes,134750
19324484,ELEVAR,Men ARC RACER All Purpose Sports Shoes,3.7,6,6490,,6490,sports-shoes,38940
11627996,Yuuki,Men Black Mesh Running Shoes,4.2,56,2999,67.0,2999,sports-shoes,167944
11963938,FAUSTO,Men Grey Mesh Walking Shoes,3.9,8,899,1.0,899,sports-shoes,7192
19334944,ELEVAR,Men Black FLYBOLT Running Sports Shoes,3.2,11,5490,,5490,sports-shoes,60390
11986876,FAUSTO,Men Blue Mesh Walking Shoes,4.3,9,899,1.0,899,sports-shoes,8091
19334760,ELEVAR,Women Grey HYPERFLO Training & Gym Sports Shoes,3.0,4,5490,,5490,sports-shoes,21960
19334942,ELEVAR,Men Grey FLYBOLT Running Sports Shoes,4.3,6,5490,,5490,sports-shoes,32940
13484354,Puma,Women Black Eternity Nitro Running Shoes,4.3,19,12999,,12999,sports-shoes,246981
11960808,Campus,Men Navy Blue Running Shoes,4.2,76,1499,56.0,659,sports-shoes,50084
19102564,Puma,Men Fluorescent Green Velocity Nitro 2 Running Shoes,4.3,58,11999,25.0,11999,sports-shoes,695942
11400234,Yuuki,Men Charcoal Grey Mesh Walking Shoes,3.9,38,2499,72.0,2499,sports-shoes,94962
14323336,TRASE,Women Pink & Yellow Mesh Running Shoes,3.9,23,1299,,1299,sports-shoes,29877
19402102,U.S. Polo Assn.,Men Off White CRESK Walking Shoes,4.0,124,4999,50.0,4999,sports-shoes,619876
14208394,TRASE,Boys Black & White Relax-I Running Shoes,4.5,13,999,,999,sports-shoes,12987
16880520,PUMA Hoops,Men Red Triple Mid Basketball Shoes,4.1,24,8999,55.0,4049,sports-shoes,97176
18356356,Nautica,Men Colourblocked & Woven Design Running Shoes,4.4,109,5499,60.0,2199,sports-shoes,239691
18906230,Skechers,Women Black GO WALK STRETCH FIT-SPECIAL D Shoes,4.5,127,7499,40.0,4499,sports-shoes,571373
18373464,ADIDAS,Men Black Woven Design Hailcon Running Shoes,4.1,113,3599,,3599,sports-shoes,406687
16824638,Puma,Women Purple Electrify Nitro Turn Running Shoes,4.3,14,9999,50.0,4999,sports-shoes,69986
18374802,ADIDAS,Women Black Woven Design SL20 X Marimekko Running Shoes,4.5,21,12999,,12999,sports-shoes,272979
16824670,Puma,Women Black Run XX Nitro Running Shoes,4.1,31,9999,45.0,5499,sports-shoes,170469
18374200,ADIDAS,Men Black & White Woven Design Ultraboost 5.0 DNA Running Shoes,3.9,15,16999,,10199,sports-shoes,152985
18374286,ADIDAS,Men White & Maroon Mickey Mouse Print Grand Court Tennis Shoes,4.2,22,5999,,3599,sports-shoes,79178
18382842,WROGN ACTIVE,Men Grey & Orange Woven Design Walking Shoes,3.7,142,3599,60.0,1439,sports-shoes,204338
18373646,ADIDAS,Men Black Woven Design Immute Running Shoes,4.3,319,3799,35.0,2469,sports-shoes,787611
18373380,ADIDAS,Men Grey Woven Design Adi Dash Running Shoes,4.2,73,4799,35.0,3119,sports-shoes,227687
16864474,Puma,Men Orange & White Spike 22.2 Cricket Shoes,5.0,3,6999,20.0,5599,sports-shoes,16797
18374978,ADIDAS,Women White Solid Courtpoint Tennis Shoes,4.4,94,4999,,3249,sports-shoes,305406
18906226,Skechers,Women Black GO WALK 4-ARRAY Shoes,4.4,93,6499,40.0,3899,sports-shoes,362607
18374614,ADIDAS,Women Navy Blue & Orange Ultraboost 22 X Marimekko Running Shoes,4.3,11,18999,25.0,14249,sports-shoes,156739
16305908,Campus,Unisex Kids Navy Blue Mesh Running Shoes,4.3,23,1399,10.0,1259,sports-shoes,28957
16279696,Forever Glam by Pantaloons,Women Yellow Textile Running Non-Marking Shoes,4.3,6,1699,38.0,1053,sports-shoes,6318
13072098,Puma,Unisex Grey Orange Flash Running Shoes,4.7,7,4499,45.0,2474,sports-shoes,17318
19298764,Campus,Unisex Kids Yellow Mesh Running Shoes,4.6,71,1299,10.0,909,sports-shoes,64539
17609480,IDEE,Women Purple Lens & Silver-Toned Square Sunglasses with UV Protected Lens IDS2783C3SG,2.2,5,3480,42.0,3480,sunglasses,17400
18430170,Roadster,The  Lifestyle Co. Women Geometric Self Design Pullover,4.3,64,1499,47.0,1499,sweaters,95936
10349091,Monte Carlo,Men Mustard Yellow & Off-White Self Design Sweater,4.6,9,2840,,1420,sweaters,12780
20033282,RVK,Women Navy Blue Ribbed Pullover,3.7,3,999,20.0,799,sweaters,2397
10135715,Mast & Harbour,Women Red Solid Pullover Sweater,4.0,213,1599,68.0,511,sweaters,108843
21296678,Marks & Spencer,Women Acrylic Printed Pullover,4.6,22,3999,60.0,3399,sweaters,74778
20721298,Juniors by Lifestyle,Girls Peach With Embellished Detail Sweater,4.7,9,599,35.0,599,sweaters,5391
19432310,Marks & Spencer,Men Teal Blue Solid Pullover,4.2,14,3999,60.0,3999,sweaters,55986
11843058,MANGO,Women Mustard Yellow Self Design Pullover Sweater,4.3,9,2590,25.0,2590,sweaters,23310
14279418,Harvard,Women White & Navy Blue Striped Pullover,3.9,48,1799,,1799,sweaters,86352
14335774,INVICTUS,Men Black Solid Pullover,3.6,205,1699,,1699,sweaters,348295
20712132,Trendyol,Women Purple Acrylic Pullover Sweater,4.4,5,3599,10.0,3599,sweaters,17995
11990920,Roadster,Women Pink Self Design Turtle Neck Pullover Sweater,4.3,179,1699,58.0,1699,sweaters,304121
19055422,Monte Carlo,Women Black Cardigan,4.2,18,2080,40.0,2080,sweaters,37440
14280312,Harvard,Men Burgundy Solid Pullover Sweater,3.9,175,1999,,1999,sweaters,349825
19432716,Marks & Spencer,Men Navy Blue & Brown Pure Cotton Geometric Self Design Pullover,3.9,9,2999,60.0,2999,sweaters,26991
14335776,INVICTUS,Men Olive Green Cable Knit Pullover,4.0,345,2199,35.0,2199,sweaters,758655
11990978,Roadster,Women Red & Grey Melange Abstract Self Design Pullover Sweater,4.4,302,1999,61.0,1999,sweaters,603698
11972948,Mast & Harbour,Men Navy Blue & Grey Melange Colourblocked Pullover,4.1,213,1599,,1599,sweaters,340587
11990952,Roadster,Women Red Ribbed Pullover Sweater,4.3,449,1699,61.0,1699,sweaters,762851
14280306,Harvard,Men Olive Green & Blue Striped Pullover Sweater,3.7,72,2399,,2399,sweaters,172728
14280286,Harvard,Men Grey Melange Acrylic Chevron Pattern Pullover,3.3,54,1999,,1999,sweaters,107946
14279412,Harvard,Women Grey Extended Sleeve Pullover,4.2,47,1899,61.0,1899,sweaters,89253
18241626,Roadster,The  Lifestyle Co. Women Maroon & Black Ribbed Acrylic Sweater,4.5,25,1699,62.0,645,sweaters,16125
18241400,Roadster,Women Black & White Geometric Pullover Sweater,3.8,57,2699,5.0,944,sweaters,53808
18241644,Roadster,The  Lifestyle Co. Women Pink Acrylic Pullover,4.3,55,1999,62.0,759,sweaters,41745
18240570,all about you,Women Navy Blue & Red Checked Pullover,4.3,53,2499,65.0,874,sweaters,46322
18240582,all about you,Women Maroon Cable Knit Pullover,4.4,39,2499,65.0,874,sweaters,34086
18337610,Roadster,Men Navy Blue Self-Striped Cardigan,4.3,32,2299,67.0,758,sweaters,24256
18240902,Mr Bowerbird,Men Solid Pullover,4.0,31,3299,64.0,1187,sweaters,36797
18260060,Mast & Harbour,Men Navy Blue Self Design Front-Open Sweater,3.7,48,2099,61.0,818,sweaters,39264
18241294,Roadster,Women Lavender & Off White Striped Pullover,4.3,90,1699,5.0,628,sweaters,56520
18180102,INVICTUS,Men Navy Blue & White Striped Acrylic Pullover,4.0,45,1698,35.0,1103,sweaters,49635
18241298,Roadster,The  Lifestyle Co. Women Lavender Self-Design Acrylic Sweater,4.3,59,1999,70.0,699,sweaters,41241
18260104,Mast & Harbour,Men Black Solid Cardigan,4.5,62,2399,66.0,815,sweaters,50530
17154952,V Dot,Men Grey Solid Sweatshirt,0.0,0,1999,51.0,979,sweatshirts,0
18820948,Tommy Hilfiger,Men White Printed Organic Cotton Sweatshirt,4.3,24,5599,40.0,5599,sweatshirts,134376
18929536,Mast & Harbour,Men Printed Hooded Sweatshirt,3.6,95,1999,,1999,sweatshirts,189905
17156676,Thomas Scott,Men Green  Sustainable Sweatshirt,3.6,20,4799,85.0,4799,sweatshirts,95980
18825046,Tommy Hilfiger,Men Red Printed Hooded Organic Cotton Sweatshirt,4.2,29,4599,40.0,4599,sweatshirts,133371
17157846,Thomas Scott,Men Blue  Sustainable Sweatshirt,3.5,10,3999,82.0,3999,sweatshirts,39990
18825174,Tommy Hilfiger,Men Off White Applique Sweatshirt,3.2,20,5599,40.0,3359,sweatshirts,67180
18929548,Mast & Harbour,Men Mint GreenGraphic Printed Sweatshirt,4.4,79,1599,52.0,1599,sweatshirts,126321
9867517,ether,Men Green Solid Hooded Sweatshirt,4.1,416,1299,50.0,1299,sweatshirts,540384
6510138,Roadster,Men Black Solid Hooded Sweatshirt,4.3,959,1999,50.0,1999,sweatshirts,1917041
18071360,ether,Men Olive Green Solid Hooded Sweatshirt,4.2,84,1399,,1399,sweatshirts,117516
18825178,Tommy Hilfiger,Men White Brand Logo Printed Hooded Pure Cotton Sweatshirt,4.3,37,4999,40.0,4999,sweatshirts,184963
18830500,White Snow,Girls Beige Heart Printed Hooded Sweatshirt,4.2,10,1599,60.0,1599,sweatshirts,15990
9656079,Sztori,Plus Size Men Olive Green  Black Striped Hooded Sweatshirt,4.2,294,2499,50.0,2499,sweatshirts,734706
20389784,SPYKAR,Men Pink Printed Full Sleeve Hooded Sweatshirt,4.6,9,2999,55.0,2999,sweatshirts,26991
18820780,Tommy Hilfiger,Men Black Brand Logo Embroidered Round Neck Solid Sweatshirt,4.0,35,4999,40.0,4999,sweatshirts,174965
18820580,Tommy Hilfiger,Men Navy Blue Solid Hooded Sweatshirt,4.2,33,5599,40.0,5599,sweatshirts,184767
20389690,max,Women Black Printed Sweatshirt,4.0,8,699,20.0,699,sweatshirts,5592
10388101,Allen Solly Woman,Women Black Solid Sweatshirt,4.5,4,1799,50.0,899,sweatshirts,3596
18723286,Allen Solly Junior,Boys Yellow Spiderman Printed Pure Cotton Sweatshirt,3.7,7,1699,50.0,849,sweatshirts,5943
17121312,Marks & Spencer,Women Black Solid Bikini Top T527897BBLACK,4.5,30,2499,60.0,2249,swim-tops,67470
17844560,DREAM WEAVERZ,Black Wooden Finish Center Table Cover,4.1,7,999,50.0,999,table-covers,6993
1605539,Kanvin,Beige Thermal Semi-Long Leggings,4.0,76,799,23.0,615,thermal-bottoms,46740
17634528,Sweet Dreams,Women Red Solid Tights,3.5,20,749,19.0,606,tights,12120
18614510,Oxolloxo,Women Blue Crepe Blouson Crop Top,0.0,0,2299,73.0,599,tops,0
18972586,MALHAAR,Yellow & Red Geometric Print Mandarin Collar Cotton Peplum Top,0.0,0,3329,79.0,699,tops,0
18937628,her by invictus,Printed A-Line Top,4.2,29,1398,66.0,475,tops,13775
18972622,MALHAAR,Green Print Wrap Top,0.0,0,3329,78.0,732,tops,0
18979466,KiddoPanti,White & Navy Blue Geometric Print Georgette Shirt Style Top,0.0,0,799,46.0,431,tops,0
18972618,MALHAAR,Red Print Mandarin Collar Peplum Top,0.0,0,3329,79.0,699,tops,0
18990292,HILL STREET,Women Fluorescent Green Solid Pure Cotton Tank Crop Top,4.5,15,1699,65.0,594,tops,8910
18972748,Zink London,Yellow Geometric Print Top,4.3,7,1499,65.0,524,tops,3668
18998738,KALINI,Green & charleston green Animal Print Indigo Top,0.0,0,1999,74.0,519,tops,0
18904492,Levis,Women Sage Green Self Design Slim Fit Regular Top,4.4,50,2099,20.0,1133,tops,56650
18972644,MALHAAR,Blue & Pink Floral Print Mandarin Collar Peplum Cotton Top,0.0,0,3329,79.0,699,tops,0
13583566,Chemistry,Navy Blue Regular Top with Embroidered Detail,4.5,20,1499,,1499,tops,29980
18551958,SHECZZAR,Women White & Black Striped Georgette Top,3.8,6,799,53.0,799,tops,4794
13466462,Global Desi,Pink Geometric Printed Slit Sleeves A-line Top,3.4,11,1599,80.0,1599,tops,17589
13611204,Roadster,The  Lifestyle Co Pink Open Knit Crochet Knit Blouson Top,4.2,266,1889,58.0,1889,tops,502474
18657642,max,Coral Tie-Up Neck Extended Sleeves Top,4.5,6,399,10.0,399,tops,2394
13611420,Roadster,The  Lifestyle Co Mustard Yellow Extended Sleeves Regular Top,3.8,61,1499,47.0,1499,tops,91439
13573344,Roadster,The  Lifestyle Co Black Solid Pure Cotton Regular Top,4.0,280,699,,699,tops,195720
13616586,MAGRE,Magre Women Red & Black Printed Puff Sleeves Gathered Bralette Crop Top,3.9,16,1590,60.0,1590,tops,25440
20222156,CODE by Lifestyle,Solid V-Neck Top,4.1,47,799,30.0,799,tops,37553
20405594,AAHWAN,White Bralette Crop Top,3.2,166,999,50.0,999,tops,165834
20222142,CODE by Lifestyle,Solid Cotton Puff Sleeves Top,4.5,40,499,25.0,499,tops,19960
20092320,Forever New,Women Black Solid Keyhole Neck Top,4.4,26,3200,65.0,3200,tops,83200
20222144,CODE by Lifestyle,Self Design Top,4.0,10,1599,40.0,1599,tops,15990
13677014,Cation,Women Black Halter Neck Crop Top,0.0,0,1299,63.0,480,tops,0
14538300,Friskers,Grey Tank Top,4.0,10,499,24.0,379,tops,3790
15888984,Friskers,Black Tank Top,0.0,0,978,42.0,567,tops,0
22151840,FabAlley,Bell Sleeves A-Line Top,3.6,27,1800,40.0,1800,tops,48600
18601474,BUY NEW TREND,Maroon Self Design Sequined Regular Top,3.0,5,1399,39.0,1399,tops,6995
18478530,Paralians,White Print  peplum Top,3.7,454,999,50.0,999,tops,453546
18639246,Jockey,Women Red Sleeveless Solid Tank Top,4.5,139,329,,329,tops,45731
18389746,Ginger by Lifestyle,Blue Ribbed Top,3.9,15,499,20.0,499,tops,7485
17763368,Honey by Pantaloons,Off White Sweetheart Neck Crop Top,4.0,7,1299,58.0,1299,tops,9093
17628058,Maishi,Black Cotton Slub Regular Top,4.6,7,1599,64.0,1599,tops,11193
17628394,ONLY,Women Yellow V-Neck Boxy Crop Top,4.2,25,2499,65.0,2499,tops,62475
4441374,Mayra,Women White Solid Top,3.5,24,1095,70.0,328,tops,7872
17178948,FOREVER 21,Women Grey Solid Cloud Wash Crop Cotton Tank Top,4.4,11,1049,50.0,524,tops,5764
17132266,Athena,Women Attractive Lime Green Solid Halter Neck Top,3.7,10,1499,64.0,539,tops,5390
19017874,DressBerry,Ribbed Fitted Top,3.3,125,1099,65.0,384,tops,48000
17108782,DressBerry,Women Brown Solid Wrap Crop Top,3.6,78,1299,65.0,454,tops,35412
17108574,4WRD by Dressberry,Black Solid Noughties Spaghetti Top,4.2,68,1199,64.0,431,tops,29308
18803468,Oxolloxo,White Geometric Top,0.0,0,1499,56.0,659,tops,0
17253026,Athena,Green Floral Print Blouson Top,3.9,113,1699,70.0,509,tops,57517
22649882,IUGA,Notched Neck Short Sleeves Crop Top,3.0,6,1299,57.0,558,tops,3348
2511559,Disney by Wear Your Mind,Girls Pack of 2 Printed Tops,3.5,14,1998,,1998,tops,27972
18879656,MANGO,Women Pink Solid Top,4.3,165,1990,37.0,1990,tops,328350
18626976,ONLY,Pink & Blue Floral Print Crop Top,4.2,78,2299,65.0,2299,tops,179322
19018090,DressBerry,Burgundy Pure Cotton Solid Top,4.1,102,799,,799,tops,81498
18972770,Zink London,Coral Solid Puff Sleeve Regular Top With Cut Out,3.3,11,1299,65.0,454,tops,4994
17121092,Marks & Spencer,Women White & Peach-Coloured Linen Checked Wrap Top,4.0,16,2999,60.0,2999,tops,47984
19018146,DressBerry,Women Green Solid Scoop Neck Fitted Top,4.0,110,899,56.0,899,tops,98890
17268524,H&M,Women Brown Halter Neck Cropped Top,4.4,203,699,25.0,699,tops,141897
18854764,KAMI KUBI,Olive Green Striped Top,5.0,4,1299,62.0,1299,tops,5196
18904472,Levis,Off White Mandarin Collar High Low Shirt Style Top,4.4,44,2299,57.0,1839,tops,80916
18972596,MALHAAR,White & Brown Print Smocked Cinched Waist Top,0.0,0,3329,82.0,599,tops,0
17124636,H&M,Women Grey Pure Cotton Cropped Top,3.7,25,799,25.0,799,tops,19975
17255462,NEUDIS,Women Satin Green Embillished Solid A-Line Top,4.3,71,1499,54.0,1499,tops,106429
17120826,Hancock,Maroon & Navy Blue Checked Mandarin Collar Top,4.1,52,1999,60.0,1999,tops,103948
18998684,KALINI,Blue & legion blue Floral Print Indigo Shoulder Strap Peplum Top,3.3,20,1999,5.0,1999,tops,39980
18814970,Berrylush,Maroon Solid Resort Wear Top,4.6,75,1299,62.0,1299,tops,97425
18980478,DEBONATELLA,White Print Ruffles Crepe Top,3.0,2,600,26.0,600,tops,1200
17270406,Mafadeny,Grey Shirt Style Top,3.3,3,1649,50.0,1649,tops,4947
18900376,DressBerry,Coffee Brown Pure Cotton Solid Top,3.7,332,699,,699,tops,232068
17257582,FableStreet,Blue Pure Cotton Top,4.2,37,1795,45.0,1795,tops,66415
17255498,NEUDIS,Beige Keyhole Neck Satin Top,4.1,44,1499,54.0,1499,tops,65956
22747068,Madame,Typography Printed Cotton Shirt Style Top,4.0,5,1399,60.0,1399,tops,6995
19017944,DressBerry,Rust Tank Top,4.1,94,799,,799,tops,75106
17114132,HERE&NOW,Women Black Fitted Crop Top,4.1,51,999,,999,tops,50949
18948348,Madame,Navy Blue Print Crop Top,4.2,11,1899,60.0,1899,tops,20889
17255876,Cutiekins,Girls Peach-Coloured Crepe Pleated Top,3.3,10,1099,67.0,1099,tops,10990
4380622,Bhama Couture,Women Black Solid Peplum Top,2.9,15,1799,,1799,tops,26985
18975854,Honey by Pantaloons,Blue & orchid tint Floral Print Linen Crop Top,0.0,0,1099,40.0,659,tops,0
18849012,Fleximaa,Red & Blue Pack of 2 Pure Cotton Typography Longline Top,0.0,0,1799,50.0,899,tops,0
17944580,ONLY,Multicoloured Floral Print Top,4.2,76,2299,65.0,2299,tops,174724
8330413,ESPRIT,Women Black Printed Shimmery Top,3.3,4,2799,,2799,tops,11196
7206166,Mayra,Women Yellow Printed Top,2.4,34,895,70.0,895,tops,30430
9540499,Marie Claire,Women Yellow Printed Top,3.3,31,1499,62.0,1499,tops,46469
18944780,Miaz Lifestyle,Pack of 2 Peach-Coloured & Red Tops,2.7,3,1499,58.0,629,tops,1887
20383782,Chemistry,Solid Pure Cotton Corduroy Top,4.5,17,1299,,1299,tops,22083
17889776,CHIMPAAANZEE,White Striped Extended Sleeves Peplum Top,3.9,13,699,47.0,699,tops,9087
9100721,Globus,Women Black Self Design Semi-Sheer Top,3.6,29,1199,66.0,1199,tops,34771
18001072,Harpa,Maroon & White Geometric Print Top,3.9,14,1299,53.0,1299,tops,18186
17938374,CODE by Lifestyle,White & Turquoise Blue Floral Print Top,4.4,17,999,30.0,999,tops,16983
8675767,MANGO,Women Purple & White Printed Top,4.2,15,3490,55.0,3490,tops,52350
17973634,InWeave,Women Teal Colourblocked Top,4.4,21,2199,75.0,2199,tops,46179
7117598,ONLY,Women Black Solid Top,4.2,40,1499,,1499,tops,59960
17950198,PURVAJA,Women Solid Pink Round Neck Leg of Mutton Sleeves Crop Top,3.4,29,2199,81.0,2199,tops,63771
18847712,KALINI,Beige & old moss green Tie-Up Neck Top,4.4,9,1975,70.0,1975,tops,17775
8365569,Nun,Women Navy Blue & White Printed Crop A-Line Top,4.9,14,1495,70.0,1495,tops,20930
7581747,Annabelle by Pantaloons,Women Blue Printed Top,4.3,50,899,25.0,899,tops,44950
9818669,Globus,Women Pink Solid Top,4.3,8,999,60.0,999,tops,7992
8367605,Berrylush,Women Grey Solid Bardot Top,4.3,93,1290,62.0,1290,tops,119970
7183090,Globus,Women Peach-Coloured Printed Top,4.2,29,1299,69.0,1299,tops,37671
9557519,MANGO,Women Yellow Self Design Top,5.0,1,2490,35.0,2490,tops,2490
9327149,Belle Fille,Women Grey Melange Solid Crop Top,3.8,4,999,50.0,999,tops,3996
17976710,MANGO,White & Red Pure Cotton Floral Embroidered Top,4.1,36,3590,,3590,tops,129240
18780000,Popwings,Yellow & sahara sun Floral Print Chiffon Empire Top,3.7,31,1999,69.0,619,tops,19189
7033949,ONLY,Women Blue Striped Top,3.9,56,2299,65.0,2299,tops,128744
7461410,Crimsoune Club,Women Navy Blue Solid High-Low Longline Top,3.6,14,1299,60.0,1299,tops,18186
8807033,Flying Machine,Women Blue Printed Pure Cotton Top,3.7,14,799,60.0,799,tops,11186
17950208,PURVAJA,Pink Solid Crop Top,3.5,20,2199,81.0,2199,tops,43980
19024914,Miaz Lifestyle,Women Pack Of 2 Black & Peach-Coloured Crop Top,0.0,0,1499,56.0,659,tops,0
14340794,MANGO,Beige Ribbed Fitted Top,4.1,82,2390,27.0,2390,tops,195980
19410570,H&M,Women White Printed Cut-Out Top,4.3,44,1499,25.0,1499,tops,65956
11811068,Honey by Pantaloons,Women Pink Floral Printed A-Line Top,4.4,15,999,35.0,999,tops,14985
7829467,Oxolloxo,Red & Black Checked Tie-Up Top,4.0,5,1399,58.0,1399,tops,6995
17982570,H&M,Women Brown Lacing-Detail Cut-Out Top,4.5,52,999,25.0,999,tops,51948
8675465,MANGO,Women Black Solid Top,3.3,23,2990,55.0,2990,tops,68770
17950338,PURVAJA,Women Peach-Coloured Crop Top,4.2,16,2199,81.0,2199,tops,35184
11876926,AND,Women Blue Printed Top,4.4,57,1999,80.0,1999,tops,113943
11764192,Oxolloxo,Women Silver-Toned Printed Shirt Style Top,3.4,10,1299,60.0,1299,tops,12990
11538822,Ajile by Pantaloons,Women Grey Melange Printed Top,4.2,17,599,8.0,599,tops,10183
11878498,DODO & MOA,Women Black Solid Top With Lace Inserts,3.9,9,1290,60.0,1290,tops,11610
7326508,MISH,Women Pink Solid Top,4.7,25,1499,45.0,1499,tops,37475
586846,Cation,Women Black Top,4.5,11,899,40.0,899,tops,9889
18000968,Harpa,Women Maroon V-Neck Casual Top,4.4,21,1049,48.0,1049,tops,22029
18937522,her by invictus,V-Neck Textured Regular Top,3.9,57,1298,65.0,454,tops,25878
18962100,Nike,Women Black Brand Logo Printed Dri Fit Top,4.4,72,2495,,2495,tops,179640
18972666,MALHAAR,Yellow Print Wrap Top,0.0,0,3329,78.0,732,tops,0
13748756,Madame,Women Peach-Coloured Self Checked Top,3.6,35,1599,70.0,479,tops,16765
22568668,V-Mart,High Neck Puff Sleeves Gathered Georgette Top,3.7,30,449,,449,tops,13470
19297208,Friskers,Women Black Solid Organic Cotton Tank Top,0.0,0,1578,60.0,631,tops,0
18974594,SPACES,Red & Blue Cotton Towel Set 500 GSM,4.3,16,3799,70.0,1139,towel-set,18224
18974634,AUSTIVO,Men Navy Blue & White Checked Slim Fit Plus Size Track Pant,4.5,35,1899,60.0,759,track-pants,26565
18970176,Allen Solly Junior,Boys Solid Joggers,4.6,30,1599,62.0,1039,track-pants,31170
18138806,max,Boys Blue Solid Track Pant,4.6,28,599,20.0,599,track-pants,16772
18670518,max,Girls Pink & White Regular Fit Printed Pure Cotton Joggers,4.9,8,599,20.0,599,track-pants,4792
17628782,Roadster,The  Lifestyle Co. Women Rust Orange Ribbed Wide Leg Belted Track Pants,4.1,81,1999,,1999,track-pants,161919
17628712,Roadster,Women Olive Green Solid High-Rise Slim Fit Joggers,4.3,65,1799,,1799,track-pants,116935
18537496,Bannos Swagger,Women Grey Solid Joggers,5.0,5,1699,76.0,1699,track-pants,8495
18970196,Allen Solly Junior,Boys Solid Mid-Rise Sports Joggers With Side Taping & Brand Logo Print,4.3,12,1499,30.0,749,track-pants,8988
18970104,Allen Solly Junior,Boys Colourblocked Sports Joggers With Side Taping & Brand Logo Print,4.8,14,1499,50.0,749,track-pants,10486
18688608,Nasher Miles,Jaisalmer Textured Large Trolley Bag,3.3,8,17995,85.0,17995,trolley-bag,143960
17663904,Pantaloons Junior,Boys Black Pure Cotton Trousers With Belt,4.6,25,849,22.0,849,trousers,21225
17760062,H&M,Women Brown Solid Low Waist Flared Twill Trousers,4.2,608,1499,25.0,1499,trousers,911392
17647372,bebe,Women Black Season Staple High-Rise Parallel Trousers,4.2,38,2899,,2899,trousers,110162
17760038,H&M,Women Brown Pattern-knit trousers,4.3,128,1299,25.0,1299,trousers,166272
22323008,Dennis Lingo,Men Slim Fit Chino Trousers,3.8,5,3099,82.0,557,trousers,2785
19289426,Van Heusen Woman,Women Olive Green Casual Parallel Trousers,4.1,13,2499,5.0,1224,trousers,15912
10704378,Force NXT,Men Set of 3 Multi-coloured Solid Assorted Trunks MNFF-133-PO3,3.2,5,777,25.0,582,trunk,2910
1993251,FCUK,Yellow Attitude Trunks CTR10,3.9,26,699,35.0,349,trunk,9074
10019547,XYXX,Men IntelliSoft Antimicrobial Micro Modal Pack of 3 Illuminati Trunks XYTRNK3PCKN371,4.7,9,1197,14.0,1029,trunk,9261
10591036,Van Heusen,Men Colour Fresh No Ride Up Trunks,4.5,65,529,,529,trunk,34385
20042464,XYXX,Men Traq Silver Cotton Trunk,4.2,18,339,24.0,257,trunk,4626
12939888,IC4,Men Pack of 2 Assorted Colourblocked Trunks 0YB-RY296P2,3.5,19,718,12.0,625,trunk,11875
17352320,ether,Kora Collection Blue Sustainable Naturally Dyed Fabric Solid Pure Cotton T-shirt,4.4,70,1099,47.0,1099,tshirts,76930
17403950,Mast & Harbour,Men Mint Green Typography Printed T-shirt,4.2,200,899,,899,tshirts,179800
17404018,Mast & Harbour,Men Blue & White Striped Regular Fit T-shirt,3.9,72,999,,999,tshirts,71928
22143924,Urbano Plus,Size Typography Printed Cotton T-shirt,3.2,6,1099,45.0,1099,tshirts,6594
14619398,ScoldMe,Women Multicoloured Pack Of 2 Slim Fit T-shirt,0.0,0,1598,55.0,719,tshirts,0
8901821,UNDER ARMOUR,Men Charcoal Grey Big Logo SS Printed T-shirt,4.3,64,1999,,1999,tshirts,127936
919032,Roadster,Off-White  Black Striped Speckled Pure Cotton T-shirt,3.8,641,899,,899,tshirts,576259
18817326,Tommy Hilfiger,Men Beige & Navy Blue Striped Pure Cotton T-shirt,4.4,58,2799,40.0,2799,tshirts,162342
8426447,WROGN,Men Navy Blue Striped Henley Neck T-shirt,4.2,514,1599,50.0,1599,tshirts,821886
20355284,Roadster,The  Life Co. Round Neck Raglan Sleeves Typography Printed T-shirt,4.2,74,999,53.0,999,tshirts,73926
18818696,Tommy Hilfiger,Men White & Black Brand Logo Printed Organic Cotton T-shirt,4.4,58,1999,40.0,1999,tshirts,115942
9213113,Roadster,The  Lifestyle Co Men White Printed Round Neck T-shirt,4.1,994,799,50.0,799,tshirts,794206
13511732,Puma,Men Black Solid Run Fav 1/4 Zip T-Shirt,4.4,167,3999,,3999,tshirts,667833
13591994,Camey,Men Maroon Solid Round Neck T-shirt,3.5,2,999,60.0,999,tshirts,1998
21439050,Kappa,Men Typography Printed Cotton T-shirt,3.2,9,599,30.0,599,tshirts,5391
13615634,U.S. Polo Assn.,Men Red Solid Mandarin Collar T-shirt,4.5,69,1699,40.0,1699,tshirts,117231
13620624,Roadster,The  Lifestyle Co Men White Brand Logo Appliqued Pure Cotton Polo Collar T-shirt,4.0,154,1399,73.0,1399,tshirts,215446
13502414,Puma,Men Navy Blue & White Performance Cat Printed dryCELL Round Neck T-shirt,4.3,327,1499,,1499,tshirts,490173
13621134,Roadster,The  Lifestyle Co Men Rust Brown Solid Applique Polo Collar T-shirt,4.1,312,1399,50.0,1399,tshirts,436488
17686030,Allen Solly Tribe,Men Navy Blue Solid T-shirt,4.3,23,1499,30.0,1499,tshirts,34477
13616400,Arrow New York,Men Beige Printed Round Neck Pure Cotton T-shirt,4.8,13,899,25.0,674,tshirts,8762
13480864,Aeropostale,Men White Printed Round Neck Pure Cotton T-shirt,4.2,13,1199,,1199,tshirts,15587
13622338,Roadster,The  Lifestyle Co Men Olive Green Solid Round Neck Pure Cotton T-shirt,4.4,54,899,55.0,404,tshirts,21816
16295686,Miss & Chief,Boys Pack of 3 Printed T-shirt,3.9,7,1995,71.0,578,tshirts,4046
16298856,Friskers,Men Pack of 2 Printed Pure Cotton T-shirts,0.0,0,2998,59.0,1229,tshirts,0
16277914,Parx,Men Black Printed Polo Collar T-shirt,4.9,7,1399,53.0,699,tshirts,4893
16292318,Bewakoof,Men White Printed Pockets T-shirt,4.2,17,1399,60.0,549,tshirts,9333
19201678,Tokyo Talkies,Women Yellow Printed Extended Sleeves Slim Fit T-shirt,4.1,103,699,58.0,293,tshirts,30179
16923916,Monte Carlo,Women Pack Of 2 Blue & Peach Solid V-Neck Pure Cotton T-shirt,4.8,13,835,25.0,835,tshirts,10855
10143909,CHKOKKO,Chkokko Men Teal Green Solid Round Neck Training T-shirt,3.7,53,1665,70.0,499,tshirts,26447
20085320,BULLMER,Men Pack of 2 Navy Blue & Turquoise Blue Long Sleeves T-shirt,4.8,12,3998,80.0,799,tshirts,9588
10555034,Braveo,Men Navy Blue and Red Checked Round Neck Pure Cotton T-shirt,0.0,0,1099,65.0,384,tshirts,0
12987894,AMERICAN EAGLE OUTFITTERS,Women White & Yellow Printed Round Neck T-shirt,4.4,5,1799,80.0,359,tshirts,1795
12953958,Allen Solly,Men Maroon Solid Polo Collar Pure Cotton T-shirt,4.4,409,999,40.0,599,tshirts,244991
22629260,max,Striped Polo Collar Short Sleeves T-shirt,4.4,7,799,40.0,479,tshirts,3353
19291812,Mad Over Print,Women Black Love Wins Oversize T-shirt,4.8,5,1599,58.0,671,tshirts,3355
19206288,FERANOID,Men Purple Henley Neck Bio Finish T-shirt,4.2,21,1199,50.0,599,tshirts,12579
19264534,Flying Machine,Men Black & White Printed Pure Cotton Slim Fit T-shirt,4.0,102,999,61.0,389,tshirts,39678
19264536,Flying Machine,Men Rust Orange Melange Pure Cotton Slim Fit T-shirt,3.8,60,1299,61.0,506,tshirts,30360
16287616,Juniper,Lime Green Mandarin Collar Printed Tunic,4.3,346,1299,51.0,636,tunics,220056
16287462,Juniper,Yellow Mandarin Collar Printed Tunic,4.3,335,1299,43.0,740,tunics,247900
16293014,Nayo,Navy Blue & Maroon Printed Tunic,4.2,514,1199,43.0,683,tunics,351062
16293018,Nayo,Black & White Printed Cotton Kurti,4.3,687,1199,43.0,683,tunics,469221
13721540,Art Street,Set Of 3 Brown & Green Monuments Theme Framed Paintings,3.9,8,3500,84.0,560,wall-art,4480
17716590,Tommy Hilfiger,Women Black Leather Zip Around Wallet,4.5,39,4299,40.0,4299,wallets,167661
21112784,Calvin Klein,Women Solid Three Fold Wallet,0.0,0,3999,40.0,2399,wallets,0
9452773,Louis Philippe,Men Brown Solid Leather Two Fold Wallet,4.3,401,1799,25.0,1799,wallets,721399
18864968,Lavie,Glossy Sacy Women Pink Animal Textured Zip Around Wallet,4.4,21,1999,65.0,1999,wallets,41979
9029979,Hidesign,Men Brown Solid Leather Two Fold Wallet,4.4,8,2595,,2595,wallets,20760
16295388,LOUIS STITCH,Men Brown Leather Two Fold Wallet,4.4,10,4200,75.0,1050,wallets,10500
16295382,LOUIS STITCH,Men Brown & Black Leather Two Fold Wallet,0.0,0,4200,75.0,1050,wallets,0
17956822,Fossil,Men Black Dial & Leather Straps Dayliner Analogue Watch FS5926,3.9,7,9995,50.0,4997,watches,34979
17981742,MVMT,Men Black Raptor Analogue Watch 28000152-D,4.5,11,20832,50.0,10416,watches,114576
17697474,Timex,Women White Dial & Gold Toned Analogue Watch TWEL11422,4.9,8,1995,20.0,1596,watches,12768
7349545,Fantasy World,Unisex Grey Digital Watch,3.7,119,499,20.0,499,watches,59381
8076639,French Connection,Women Charcoal Grey Analogue Watch FC1317RGM,4.4,563,6250,60.0,6250,watches,3518750
21948792,Adwitiya Collection,Women Embellished Dial & Bracelet Style Straps Analogue Watch-ACBW1030,4.1,7,9709,72.0,9709,watches,67963
9053317,TIMESMITH,Men Black Analogue Watch TSC-008,3.7,304,2499,88.0,2499,watches,759696
2466414,Daniel Klein,Women Brown Analogue Watch DK11467-6,4.4,940,6950,53.0,3266,watches,3070040
11791782,CASIO,Youth Digital Women Red Digital Watch I117 DW-291H-1BVDF,4.6,29,3595,10.0,3235,watches,93815
19322504,V2A,Girls Blue Printed Dial & Pink Straps Digital Multi Function Watch DK201-Pink,4.0,6,1599,50.0,799,watches,4794
8481603,French Connection,Women Silver-Toned Analogue Watch FCN0001B,4.5,149,6250,70.0,6250,watches,931250
13698258,KREDO,Men FORTE Silver Automatic Skeleton Analogue Watch-KW039,3.5,11,11890,50.0,11890,watches,130790
16896006,GUESS,Women White Patterned Dial & White Straps Analogue Watch GW0359L2,5.0,22,8900,45.0,8900,watches,195800
1708108,GIORDANO,Women Rose Gold-Toned Mirrored Analogue Watch FA2052-55,2.8,5,7950,50.0,7950,watches,39750
19280114,Fastrack,Men Black Brass Dial & Black Stainless Steel Straps Analogue Watch 3247NM03,4.3,17,3295,20.0,2636,watches,44812
18601682,BOLDFIT,Purple Textured Yoga Mat,3.8,161,699,31.0,699,yoga-mats,112539
